image_id,image_type,teds,teds_s,inference_time_s,pred_html,n_cells,table_type,error,bucket
fintab_002623,medium,0.7716,0.8836,22.786,"<table><thead><tr><th></th><th colspan=""2""></th><th></th></tr></thead><tbody><tr><td></td><td>2009</td><td>2008</td><td>2007</td></tr><tr><td></td><td></td><td>In thousands)</td><td></td></tr><tr><td>OPERATING ACTIVITIES</td><td></td><td></td><td></td></tr><tr><td>Net income</td><td>103,872</td><td>$ 135,153</td><td>$ 201,127</td></tr><tr><td>Adjustment to reconcile net income to net cash provided by operating</td><td></td><td></td><td></td></tr><tr><td>activities</td><td></td><td></td><td></td></tr><tr><td>Depreciation and amortization, including discontinued</td><td></td><td></td><td></td></tr><tr><td>operations</td><td>115,093</td><td>111,069</td><td>105,966</td></tr><tr><td>Litigation provision</td><td>16,355</td><td></td><td></td></tr><tr><td>Gain on sale of real estate</td><td>(1,298)</td><td>(12,572)</td><td>(94,768)</td></tr><tr><td>Early extinguishment of debt</td><td>2,639</td><td></td><td></td></tr><tr><td>Income from real estate partnership</td><td>(1,322)</td><td>(1,612)</td><td>(1,395)</td></tr><tr><td>Other; net</td><td>5,265</td><td>1,585</td><td>(2,267)</td></tr><tr><td>Changes in assets and liabilities net of effects of acquisitions and</td><td></td><td></td><td></td></tr><tr><td>dispositions:</td><td></td><td></td><td></td></tr><tr><td>Decrease (increase) in accounts receivable</td><td>7,079</td><td>(6,303)</td><td>(6,743)</td></tr><tr><td>(Increase) decrease in prepaid expenses and other assets</td><td>(716)</td><td>2,668</td><td>3,002</td></tr><tr><td>Increase (decrease in accounts payable and accrued expenses</td><td>9,088</td><td>(4,329)</td><td>266</td></tr><tr><td>Increase in security deposits and other liabilities</td><td>710</td><td>2,626</td><td>9,021</td></tr><tr><td>Net cash provided by operating activities</td><td>256,765</td><td>228,285</td><td>214,209</td></tr><tr><td>INVESTING ACTIVITIES</td><td></td><td></td><td></td></tr><tr><td>Acquisition of real estate</td><td>(10,531)</td><td>(99,625)</td><td>(69,487)</td></tr><tr><td>Capital expenditures development and redevelopment</td><td>(76,079)</td><td>(104,196)</td><td>(111,600)</td></tr><tr><td>Capital expenditures other</td><td>(26,000)</td><td>(33,790)</td><td>(25,755)</td></tr><tr><td>Proceeds from sale of real estate</td><td>2,122</td><td>44,890</td><td>83,979</td></tr><tr><td>Investment in real estate partnership</td><td>(7,020)</td><td></td><td>(20,427)</td></tr><tr><td>Distribution from real estate partnership in excess of earnings</td><td>594</td><td>363</td><td>967</td></tr><tr><td>Leasing costs</td><td>(8,924)</td><td>(9,921)</td><td>(9,756)</td></tr><tr><td>(Issuance) repayment of mortgage and other notes receivable, net</td><td>(1,503)</td><td>(5,288)</td><td>640</td></tr><tr><td>Net cash used in investing activities</td><td>(127,341)</td><td>(207,567)</td><td>(151,439)</td></tr><tr><td>FINANCING ACTIVITIES</td><td></td><td></td><td></td></tr><tr><td>Net (repayment) borrowings under revolving credit facility, net of</td><td></td><td></td><td></td></tr><tr><td>costs</td><td>(123,500)</td><td>123,500</td><td>(98,000)</td></tr><tr><td>Issuance of senior notes, net of costs</td><td>147,534</td><td></td><td></td></tr><tr><td>Purchase and retirement of senior notes/debentures</td><td>(175,867)</td><td>(20,800)</td><td>(150,000)</td></tr><tr><td>Issuance of mortgages, capital leases and notes payable, net of costs</td><td>526,617</td><td></td><td>199,525</td></tr><tr><td>Repayment of mortgages, capital leases and notes payable</td><td>(337,221)</td><td>(18,512)</td><td>(7,603)</td></tr><tr><td>Extension fee on term loan</td><td></td><td>(200)</td><td></td></tr><tr><td>Issuance of common shares</td><td>115,502</td><td>11,585</td><td>170,855</td></tr><tr><td>Dividends paid to common and preferred shareholders</td><td>(156,100)</td><td>(146,418)</td><td>(131,443)</td></tr><tr><td>Distributions to noncontrolling interests</td><td>(6,223</td><td>(5,341)</td><td>(6,908)</td></tr><tr><td>Net cash used in financing activities</td><td>(9,258)</td><td>(56,186)</td><td>(23,574)</td></tr><tr><td>INCREASE (DECREASE) IN CASH AND CASH EQUIVALENTS</td><td>120,166</td><td>(35,468)</td><td>39,196</td></tr><tr><td>CASH AND CASH EQUIVALENTS, BEGINNING OF YEAR</td><td>15,223</td><td>50,691</td><td>11,495</td></tr><tr><td>CASH AND CASH EQUIVALENTS, END OF YEAR</td><td>135,389</td><td>S 15,223</td><td>$ 50,691</td></tr></tbody></table>",140,normal,,D: 0.5-0.8
fintab_001045,medium,0.6667,0.8772,3.9,"<table><thead><tr><th></th><th colspan=""2"">Fiscal year ended December 29,2007</th><th colspan=""2"">Fiscal year ended December 30.2006</th><th>Year over</th><th>Year</th></tr></thead><tbody><tr><td></td><td>Gross Profit</td><td>% of Revenues</td><td>Gross Profit</td><td>% of Revenues</td><td>S Change</td><td>% Change</td></tr><tr><td>Outdoor/Fitness</td><td>S184,655</td><td>54.4%</td><td>8163,638</td><td>57.3%</td><td>S21,017</td><td>12.8%</td></tr><tr><td>Marine</td><td>110,169</td><td>54.2%</td><td>92,952</td><td>55.8%1</td><td>17,217</td><td>18.5%/</td></tr><tr><td>Automotive/Mobile</td><td>973,205</td><td>41.6%</td><td>475,191</td><td>43.6%</td><td>498,014</td><td>104.8%</td></tr><tr><td>Aviation</td><td>195,226</td><td>66.2%1</td><td>150,605</td><td>64.7%1</td><td>44,621</td><td>29.6%</td></tr><tr><td>Total</td><td>S1,463,255</td><td>46.0%</td><td>S882,386</td><td>49.7%1</td><td>S580,869</td><td>65.8%</td></tr></tbody></table>",45,normal,,D: 0.5-0.8
fintab_001885,medium,0.8503,0.9572,18.298,"<table><thead><tr><th></th><th>December 31.</th><th></th></tr></thead><tbody><tr><td></td><td>2014</td><td>2013</td></tr><tr><td>Assets</td><td></td><td></td></tr><tr><td>Current assets:</td><td></td><td></td></tr><tr><td>Cash and cash equivalents</td><td>344.5 S</td><td>188.1</td></tr><tr><td>Accounts receivable, net of allowance for doubtful accounts of $5.7 and $5.4, respectively</td><td>1,561.1</td><td>1,451.0</td></tr><tr><td>Merchandise inventory</td><td>337.5</td><td>382.0</td></tr><tr><td>Miscellaneous receivables</td><td>155.6</td><td>146.3</td></tr><tr><td>Prepaid expenses and other</td><td>54.7</td><td>46.1</td></tr><tr><td>Total current assets</td><td>2.453.4</td><td>2,213.5</td></tr><tr><td>Property and equipment, net</td><td>137.2</td><td>131.1</td></tr><tr><td>Equity investments</td><td>86.7</td><td></td></tr><tr><td>Goodwill</td><td>2,217.6</td><td>2,220.3</td></tr><tr><td>Other intangible assets, net</td><td>1,168.8</td><td>1,328.0</td></tr><tr><td>Deferred financing costs, net</td><td>33.0</td><td>30.1</td></tr><tr><td>Other assets</td><td>3.2</td><td>1.6</td></tr><tr><td>Total assets</td><td>$ 6,099.9 S</td><td>5,924.6</td></tr><tr><td>Liabilities and Shareholders' Equity</td><td></td><td></td></tr><tr><td>Current liabilities:</td><td></td><td></td></tr><tr><td>Accounts payable-trade</td><td>704.0 S</td><td>662.8</td></tr><tr><td>Accounts payable- ~inventory financing</td><td>332.1</td><td>256.6</td></tr><tr><td>Current maturities of long-term debt</td><td>15.4</td><td>45.4</td></tr><tr><td>Deferred revenue</td><td>81.3</td><td>94.8</td></tr><tr><td>Accrued expenses:</td><td></td><td></td></tr><tr><td>Compensation</td><td>130.1</td><td>112.2</td></tr><tr><td>Interest</td><td>28.1</td><td>31.8</td></tr><tr><td>Sales taxes</td><td>29.1</td><td>29.2</td></tr><tr><td>Advertising</td><td>34.0</td><td>33.2</td></tr><tr><td>Income taxes</td><td>0.2</td><td>6.3</td></tr><tr><td>Other</td><td>113.7</td><td>130.3</td></tr><tr><td>Total current liabilities</td><td>1,468.0</td><td>1,402.6</td></tr><tr><td>Long-term liabilities:</td><td></td><td></td></tr><tr><td>Debt</td><td>3,174.6</td><td>3,205.8</td></tr><tr><td>Deferred income taxes</td><td>475.0</td><td>563.5</td></tr><tr><td>Other liabilities</td><td>45.8</td><td>41.0</td></tr><tr><td>Total long-term liabilities</td><td>3,695.4</td><td>3,810.3</td></tr><tr><td>Commitments and contingencies (Note 14)</td><td></td><td></td></tr><tr><td>Shareholders' equity:</td><td></td><td></td></tr><tr><td>Preferred shares, SO.O1 par value, 100.0 shares authorized, and no shares issued or</td><td>outstanding for both periods</td><td></td></tr><tr><td>Common shares, SO.01 par value, 1,000.0 shares authorized; 172.2 and 172.0 shares issued, respectively; 172.2 and 172.0</td><td></td><td></td></tr><tr><td>shares outstanding, respectively</td><td>1.7</td><td>1.7</td></tr><tr><td>Paid-in capital</td><td>2,711.9</td><td>2,688.1</td></tr><tr><td>Accumulated deficit</td><td>(1,760.5)</td><td>(1,971.8)</td></tr><tr><td>Accumulated other comprehensive loss</td><td>(16.6)</td><td>(6.3)</td></tr><tr><td>Total shareholders equity</td><td>936.5</td><td>711.7</td></tr><tr><td>Total liabilities and shareholders' equity</td><td>6.099.9 S</td><td>5.924.6</td></tr></tbody></table>",115,normal,,E: >=0.8
fintab_000625,extreme,0.4595,0.7568,2.62,"<table><thead><tr><th></th><th></th><th colspan=""2""></th><th></th></tr></thead><tbody><tr><td>(in millions)</td><td>Ist</td><td>2nd</td><td>3rd</td><td>4th</td></tr><tr><td>Asset impairment and exit costs</td><td>S</td><td>S</td><td>S</td><td>S 68</td></tr><tr><td></td><td></td><td colspan=""2""></td><td></td></tr><tr><td>(in millions)</td><td>Ist</td><td>Znd</td><td>3rd</td><td>4th</td></tr><tr><td>Asset impairment and exit costs</td><td>S 23</td><td>$ 489</td><td>S</td><td>S 32</td></tr></tbody></table>",22,normal,,C: 0.3-0.5
fintab_001522,medium,0.6449,0.8692,10.474,"<table><thead><tr><th></th><th>December 31-</th><th></th></tr></thead><tbody><tr><td></td><td>2014</td><td>2013</td></tr><tr><td>Secured</td><td></td><td></td></tr><tr><td>2013 Credit Facilities, variable interest rate 0f 3.75%, installments through 2019</td><td>$ 1,872</td><td>$ 1,891</td></tr><tr><td>2014 Credit Facilities, variable interest rate of 4.25%, installments through 2021 ()</td><td>750</td><td></td></tr><tr><td>2013 Citicorp Credit Facility tranche B-L, variable interest rate 0f 3.50%, installments through 2019</td><td>990</td><td>1,000</td></tr><tr><td>2013 Citicorp Credit Facility tranche B-2, variable interest rate of 3.00%,installments through 2016</td><td>594</td><td>600</td></tr><tr><td>Aircraft enhanced equipment trust certificates (EETCs), fixed interest rates ranging from 3.70% to 11.00%,</td><td>maturing from</td><td></td></tr><tr><td>2015 to 2026 (d)</td><td>7,028</td><td>6,031</td></tr><tr><td>Equipment loans and other notes payable, fixed and variable interest rates ranging from 1.43% to 8.48%, maturing from 2015</td><td></td><td></td></tr><tr><td>to 2026 (e)</td><td>2,952</td><td>3,441</td></tr><tr><td>Special facility revenue bonds, fixed interest rates ranging from 5.50% to 8.50%, maturing from 2016 to 2035 (f)</td><td>1,100</td><td>1,466</td></tr><tr><td>7.50% senior secured notes g)</td><td></td><td>,000</td></tr><tr><td>AAdvantage Loan , effective rate of 8.30% (h)</td><td>433</td><td>611</td></tr><tr><td>Other secured obligations, fixed interest rates ranging from 4.19% to 12.24%, maturing from 2015 to 2028</td><td>994</td><td>303</td></tr><tr><td></td><td>16,713</td><td>16,343</td></tr><tr><td>Unsecured</td><td></td><td></td></tr><tr><td>5.50% senior notes, interest only payments until due in 2019</td><td>750</td><td></td></tr><tr><td>6.125% senior notes, interest only payments until due in 2018 (j)</td><td>500</td><td>500</td></tr><tr><td>7.25% convertible senior notes</td><td></td><td>22</td></tr><tr><td>Industrial development bonds</td><td></td><td>29</td></tr><tr><td></td><td>1,250</td><td>551</td></tr><tr><td>Total long-term debt and capital lease obligations</td><td>17,963</td><td>16,894</td></tr><tr><td>Less: Total unamortized debt discount</td><td>59</td><td>95</td></tr><tr><td>Less: Current maturities</td><td>1,708</td><td>1,446</td></tr><tr><td>Long-term debt and capital lease obligations, net of current maturities</td><td>816.196</td><td>815,353</td></tr></tbody></table>",61,normal,,D: 0.5-0.8
fintab_000004,medium,0.8122,0.9249,18.504,"<table><thead><tr><th></th><th></th><th>Outpatient Medical</th><th></th></tr><tr><th></th><th>Number of</th><th>Total</th><th>Annualized</th></tr><tr><th>Property Location</th><th>Properties</th><th>Investment</th><th>Revenues</th></tr></thead><tbody><tr><td>Alaska</td><td>2</td><td>23,414</td><td>S 2,423</td></tr><tr><td>Alabama</td><td>3</td><td>30,119</td><td>5,515</td></tr><tr><td>Arkansas</td><td></td><td>22,730</td><td>2,067</td></tr><tr><td></td><td>4</td><td></td><td></td></tr><tr><td>Arizona</td><td></td><td>62,649</td><td>9,453</td></tr><tr><td>California</td><td>32</td><td>866,727</td><td>91,492</td></tr><tr><td>Colorado</td><td>2</td><td>32,967</td><td>5,025</td></tr><tr><td>Connecticut</td><td>1</td><td>41,686</td><td>3,939</td></tr><tr><td>Florida</td><td>36</td><td>436,149</td><td>50,703</td></tr><tr><td>Georgia</td><td>10</td><td>169,521</td><td>28,178</td></tr><tr><td>Iowa</td><td>1</td><td>6,615</td><td>1,303</td></tr><tr><td>Illinois</td><td></td><td>49,505</td><td>8,749</td></tr><tr><td>Indiana</td><td></td><td>162,463</td><td>20,157</td></tr><tr><td>Kansas</td><td></td><td>72,142</td><td>12,695</td></tr><tr><td>Kentucky</td><td></td><td>7,297</td><td>679</td></tr><tr><td>Maryland</td><td></td><td>93,869</td><td>11,817</td></tr><tr><td>Maine</td><td></td><td>19,290</td><td>2,824</td></tr><tr><td>Michigan</td><td>2</td><td>30,159</td><td>4,141</td></tr><tr><td>Minnesota</td><td>8</td><td>165,704</td><td>26,127</td></tr><tr><td>Missouri</td><td>8</td><td>144,391</td><td>17,451</td></tr><tr><td>North Carolina</td><td>3</td><td>53,499</td><td>7,086</td></tr><tr><td>Nebraska</td><td></td><td>33,727</td><td>5,379</td></tr><tr><td>New Hampshire</td><td>;</td><td>13,344</td><td>1,758</td></tr><tr><td>New Jersey</td><td></td><td>266,546</td><td>44,194</td></tr><tr><td>New Mexico</td><td>3</td><td>31,760</td><td>3,731</td></tr><tr><td>Nevada</td><td>5</td><td>43,466</td><td>4,200</td></tr><tr><td>New York</td><td>8</td><td>109,193</td><td>7,214</td></tr><tr><td>Ohio</td><td>5</td><td>51,894</td><td>9,845</td></tr><tr><td>Oklahoma</td><td></td><td>23,633</td><td>3,318</td></tr><tr><td>Oregon</td><td>;</td><td>9,279</td><td>1,453</td></tr><tr><td>South Carolina</td><td></td><td>24,844</td><td>2,615</td></tr><tr><td>Tennessee</td><td></td><td>64,569</td><td>7,831</td></tr><tr><td>Texas</td><td>55</td><td>892,224</td><td>89,447</td></tr><tr><td>Virginia</td><td>2</td><td>31,824</td><td>4,846</td></tr><tr><td>Washington</td><td>6</td><td>170,665</td><td>20,456</td></tr><tr><td>Wisconsin</td><td>20</td><td>244,483</td><td>32,779</td></tr><tr><td>Total domestic</td><td>266</td><td>4,502,347</td><td>550,890</td></tr><tr><td>United Kingdom</td><td></td><td>286,434</td><td>25,880</td></tr><tr><td>Grand total</td><td>270</td><td>S4,788,781</td><td>S576,770</td></tr></tbody></table>",147,nested_column,,E: >=0.8
fintab_000242,extreme,0.5764,0.8542,9.94,"<table><thead><tr><th></th><th></th><th></th><th colspan=""2"">Years ended December 31 ,</th><th></th><th></th></tr></thead><tbody><tr><td>(Millions of dollars)</td><td>2017</td><td></td><td>2016</td><td></td><td>2015</td><td></td></tr><tr><td>Taxes at U.S. statutory rate _</td><td>$ 1,429</td><td>35.0%</td><td>49</td><td>35.0%</td><td>S 1,203</td><td>35.0%</td></tr><tr><td>(Decreases) increases resulting from:</td><td></td><td></td><td></td><td></td><td></td><td></td></tr><tr><td>Non-U.S. subsidiaries taxed at other than 35%</td><td>(282)</td><td>(6.9)%</td><td>(119)</td><td>(85.6)%</td><td>(236)</td><td>(6.9)%</td></tr><tr><td>State and local taxes, net of federal'</td><td>27</td><td>0.7%</td><td></td><td>(0.7)%</td><td>24</td><td>0.7%</td></tr><tr><td>Interest and penalties, net of tax:</td><td>28</td><td>0.7%</td><td>24</td><td>17.2%</td><td>12</td><td>0.4%</td></tr><tr><td>U.S. research and production incentives</td><td>(52)</td><td>(1.3)%</td><td>(52)</td><td>(37.4)%</td><td>95)</td><td>(2.7)%</td></tr><tr><td>ESOP dividend tax benefit:</td><td>(21)</td><td>(0.5)%</td><td>(27)</td><td>(19.4)%</td><td>(27)</td><td>(0.8)%</td></tr><tr><td>Net excess tax benefits from stock-based compensation_</td><td>(64)</td><td>(1.6)%</td><td></td><td></td><td></td><td></td></tr><tr><td>U.S. deferred tax rate change</td><td>596</td><td>14.6%</td><td></td><td></td><td></td><td></td></tr><tr><td>Mandatory deemed repatriation of non-U.S: earnings</td><td>1,775</td><td>43.5%</td><td></td><td></td><td></td><td></td></tr><tr><td>Valuation allowances</td><td>(111)</td><td>(2.7)%</td><td>141</td><td>101.4%</td><td></td><td></td></tr><tr><td>Nondeductible goodwill? _</td><td></td><td>%</td><td>191</td><td>137.4%</td><td></td><td></td></tr><tr><td>Prior year tax and interest adjustments_</td><td></td><td>%</td><td></td><td>%</td><td>42</td><td>1.2%</td></tr><tr><td>Other net</td><td>14</td><td>0.3%</td><td>(14)</td><td>(10.1)%</td><td></td><td>(0.2)%</td></tr><tr><td>Provision (benefit) for income taxes</td><td>$ 3,339</td><td>81.8%</td><td>192</td><td>137.8%</td><td>916</td><td>26.7%</td></tr><tr><td colspan=""3""></td><td></td><td></td><td></td><td></td></tr></tbody></table>",84,normal,,D: 0.5-0.8
fintab_001611,medium,0.1023,0.1705,6.573,"<table><thead><tr><th></th><th>2014 Credit Facilities</th><th>2013 Credit Facilities</th><th>2013 Citicorp Credit Facility</th></tr></thead><tbody><tr><td>Frequency of</td><td></td><td></td><td></td></tr><tr><td>Appraisals of</td><td>Annual</td><td>Annual</td><td>Annual (1)</td></tr><tr><td>Appraised</td><td></td><td></td><td></td></tr><tr><td>Collateral</td><td></td><td></td><td></td></tr><tr><td>LTV Requirement</td><td>L.6x Collateral valuation to</td><td>L.6x Collateral valuation to</td><td>1Sx Collateral valuation to</td></tr><tr><td></td><td>amount ofdebt outstanding</td><td>amount ofdebt outstanding</td><td>amount ofdebt outstanding</td></tr><tr><td></td><td>(62.5% LTV)</td><td>(62.5% LTV)</td><td>(66.7% LTV)</td></tr><tr><td>LTV as of Last</td><td></td><td></td><td></td></tr><tr><td>Measurement</td><td>24.1%</td><td>33.6%</td><td>57.8%</td></tr><tr><td>Date</td><td></td><td></td><td></td></tr><tr><td></td><td>Generally, certain slots, route</td><td>Generally, certain slots, route</td><td></td></tr><tr><td></td><td>authorities and airport gate</td><td>authorities, and airport gate</td><td>Generally, certain LGA slots,</td></tr><tr><td>Collateral</td><td>leasehold rights used by</td><td>leasehold rights used by</td><td>certain spare parts, certain</td></tr><tr><td>Description</td><td>American to operate certain</td><td>American t0 operate all</td><td>simulators, certain leasehold</td></tr><tr><td></td><td>services between the US. and</td><td>services between the US and</td><td>real estate assets and cash</td></tr><tr><td></td><td>London Heathrow</td><td>South America</td><td></td></tr></tbody></table>",44,normal,,B: <0.3
fintab_002651,medium,0.6809,0.7447,3.832,"<table><thead><tr><th></th><th>Above Market</th><th>Below Market</th></tr><tr><th></th><th>Leases</th><th>Leases</th></tr><tr><th></th><th>(In thousands)</th><th></th></tr></thead><tbody><tr><td>Year ending December 31,</td><td></td><td></td></tr><tr><td>2010</td><td>$ 1,805</td><td>$ 3,431</td></tr><tr><td>2011</td><td>1,477</td><td>3,093</td></tr><tr><td>2012</td><td>1,139</td><td>2,798</td></tr><tr><td>2013</td><td>873</td><td>2,389</td></tr><tr><td>2014</td><td>816</td><td>1,810</td></tr><tr><td>Thereafter</td><td>3,916</td><td>18,762</td></tr><tr><td></td><td>$10,026</td><td>S32,283</td></tr></tbody></table>",26,nested_column,,D: 0.5-0.8
fintab_002078,medium,0.1591,0.5909,3.771,"<table><thead><tr><th></th><th>2004</th><th></th><th>2003</th><th></th></tr></thead><tbody><tr><td></td><td>Carrying</td><td>Fair</td><td>Carrying</td><td>Fair</td></tr><tr><td>($ in millions</td><td>Amount</td><td>Value</td><td>Amount</td><td>Value</td></tr><tr><td>Notes and other long-term assets</td><td>S1,702</td><td>S1,770</td><td>S1,740</td><td>S1,778</td></tr><tr><td>Long-term debt and other</td><td></td><td></td><td></td><td></td></tr><tr><td>long-term liabilities</td><td>$ 848</td><td>$ 875</td><td>S1,373</td><td>S1,487</td></tr><tr><td>Derivative instruments</td><td></td><td></td><td colspan=""2""></td></tr></tbody></table>",24,normal,,B: <0.3
fintab_002489,medium,0.51,0.78,8.153,"<table><thead><tr><th></th><th></th><th></th><th>Percentage</th></tr><tr><th></th><th></th><th></th><th>of Gross</th></tr><tr><th></th><th>Number of</th><th>Gross Leasable</th><th>Leasable</th></tr></thead><tbody><tr><td>State</td><td>Projects</td><td>Area</td><td>Area</td></tr><tr><td></td><td></td><td>In square feet)</td><td></td></tr><tr><td>Maryland.</td><td>18</td><td>3,977,000</td><td>18.6 %</td></tr><tr><td>California _</td><td>14</td><td>3,854,000</td><td>18.0 %</td></tr><tr><td>Virginia.</td><td>15</td><td>3,601,000</td><td>16.8 %</td></tr><tr><td>Pennsylvania( 1 )</td><td>10</td><td>2,299,000</td><td>10.8 %</td></tr><tr><td>Massachusetts</td><td>7</td><td>1,789,000</td><td>8.4 %</td></tr><tr><td>New Jersey.</td><td>6</td><td>1,718,000</td><td>8.0 %</td></tr><tr><td>Florida:</td><td>4</td><td>1,316,000</td><td>6.2 %</td></tr><tr><td>New York</td><td>5</td><td>1,138,000</td><td>5.3 %</td></tr><tr><td>Illinois _</td><td>4</td><td>752,000</td><td>3.5 %</td></tr><tr><td>Connecticut( 1)</td><td>3</td><td>397,000</td><td>1.9 %</td></tr><tr><td>Michigan.</td><td>1</td><td>217,000</td><td>1.0 %</td></tr><tr><td>District of Columbia_</td><td>2</td><td>168,000</td><td>0.8 %</td></tr><tr><td>North Carolina</td><td>1</td><td>153,000</td><td>0.7 %</td></tr><tr><td>Total _</td><td>90</td><td>21,379,000</td><td>100.0%</td></tr><tr><td colspan=""4""></td></tr></tbody></table>",67,nested_column,,D: 0.5-0.8
fintab_002532,medium,0.7215,0.8861,8.013,"<table><thead><tr><th></th><th colspan=""3""></th></tr></thead><tbody><tr><td></td><td>2006</td><td>2005</td><td>2004</td></tr><tr><td></td><td colspan=""3""></td></tr><tr><td>Net income</td><td>8118,712</td><td>S114,612</td><td>$ 84,156</td></tr><tr><td>Gain on sale of real estate</td><td>(23,956)</td><td>(30,748)</td><td>(14,052)</td></tr><tr><td>Depreciation and amortization of real estate assets</td><td>88,649</td><td>82,752</td><td>81,649</td></tr><tr><td>Amortization of initial direct costs of leases</td><td>7,390</td><td>6,972</td><td>7,151</td></tr><tr><td>Depreciation of joint venture real estate assets</td><td>768</td><td>630</td><td>187</td></tr><tr><td>Funds from operations</td><td>191,563</td><td>174,218</td><td>159,091</td></tr><tr><td>Dividends 0n preferred stock</td><td>(10,423)</td><td>(11,475)</td><td>(11,475)</td></tr><tr><td>Income attributable to operating partnership units</td><td>748</td><td>801</td><td>1,055</td></tr><tr><td>Preferred stock redemption costs</td><td>(4,775)</td><td></td><td></td></tr><tr><td>Funds from operations available for common shareholders</td><td>$177,113</td><td>S163,544</td><td>S148,671</td></tr><tr><td>Weighted average number of common shares, diluted</td><td>54,351</td><td>53,469</td><td>52,257</td></tr><tr><td>Funds from operations available for common shareholders, per diluted</td><td></td><td></td><td></td></tr><tr><td>share</td><td>3.26</td><td>S 3.06</td><td>$ 2.85</td></tr></tbody></table>",52,normal,,D: 0.5-0.8
fintab_001146,medium,0.6279,0.7907,4.128,"<table><thead><tr><th></th><th>Year</th><th>Ended December 31,</th><th></th></tr></thead><tbody><tr><td></td><td>2017</td><td>2016</td><td>2015</td></tr><tr><td></td><td></td><td>(in thousands)</td><td></td></tr><tr><td>Cash provided by operating activities</td><td>631,627 S</td><td>174,295</td><td>237,784</td></tr><tr><td>Cash provided by (used in) investing activities</td><td>(392,580)</td><td>(325,979)</td><td>184,170</td></tr><tr><td>Cash provided by financing activities</td><td>51,469</td><td>32,745</td><td>25,854</td></tr><tr><td>Effect of exchange rate changes</td><td>753</td><td>(464)</td><td>(513)</td></tr><tr><td>Net increase (decrease _ in cash and cash equivalents</td><td>291,269 S</td><td>(119,403)</td><td>447,295</td></tr></tbody></table>",26,normal,,D: 0.5-0.8
fintab_002476,extreme,0.1791,0.4179,2.741,"<table><thead><tr><th></th><th></th><th></th><th></th><th></th><th colspan=""4""></th><th></th><th></th><th></th><th></th></tr></thead><tbody><tr><td></td><td></td><td></td><td>2014</td><td></td><td></td><td></td><td>2013</td><td></td><td></td><td></td><td>2012</td><td></td></tr><tr><td></td><td colspan=""2""></td><td></td><td>Paid</td><td colspan=""2""></td><td></td><td>Paid</td><td colspan=""2""></td><td></td><td>Paid</td></tr><tr><td>Common shares</td><td>S</td><td>3.300</td><td>$</td><td>3.210</td><td>S</td><td>3.020</td><td>S</td><td>2.970</td><td>S</td><td>2.840</td><td>$</td><td>2.800</td></tr><tr><td>5.417% Series 1 Cumulative Convertible Preferred shares.</td><td>S</td><td>1.3354</td><td>$</td><td>1.354</td><td>S</td><td>1.354</td><td>S</td><td>1.354</td><td>S</td><td>1.354</td><td>$</td><td>1.354</td></tr></tbody></table>",36,normal,,B: <0.3
fintab_001553,extreme,0.5,0.7571,4.378,"<table><thead><tr><th></th><th>Fair Value Measurements</th><th>aS of December 31. 2013</th><th></th></tr></thead><tbody><tr><td></td><td>Total Level</td><td>Level 2</td><td>Level 3</td></tr><tr><td>Short-term investments (1), (2):</td><td></td><td></td><td></td></tr><tr><td>Money market funds</td><td>$ 3,071 3,071</td><td></td><td></td></tr><tr><td>Government agency investments</td><td>1,512</td><td>1,512</td><td></td></tr><tr><td>Repurchase agreements</td><td>170</td><td>170</td><td></td></tr><tr><td>Corporate obligations</td><td>2,750</td><td>2,750</td><td></td></tr><tr><td>Bank notes Certificates of deposit Time deposits</td><td>608</td><td>608</td><td></td></tr><tr><td></td><td>8,111 3,071</td><td>5,040</td><td></td></tr><tr><td>Restricted cash and short term investments (4)</td><td>1,035 979</td><td>56</td><td></td></tr><tr><td>Fuel derivative contracts, net (1)</td><td>109</td><td>109</td><td></td></tr><tr><td>Total</td><td>$ 9,255 4,050</td><td>5,205</td><td></td></tr></tbody></table>",31,normal,,D: 0.5-0.8
fintab_002563,medium,0.8143,0.9333,20.133,"<table><thead><tr><th></th><th colspan=""2""></th><th></th></tr></thead><tbody><tr><td></td><td>2006</td><td>2005</td><td>2004</td></tr><tr><td></td><td colspan=""3""></td></tr><tr><td>REVENUE</td><td></td><td></td><td></td></tr><tr><td>Rental income</td><td>438,201</td><td>S393,548</td><td>S368,299</td></tr><tr><td>Other property income</td><td>7,726</td><td>9,551</td><td>10,398</td></tr><tr><td>Mortgage interest income</td><td>5,095</td><td>5,370</td><td>4,915</td></tr><tr><td></td><td>451,022</td><td>408,469</td><td>383,612</td></tr><tr><td>EXPENSES</td><td></td><td></td><td></td></tr><tr><td>Rental</td><td>88,130</td><td>84,736</td><td>89,940</td></tr><tr><td>Real estate taxes</td><td>44,898</td><td>39,372</td><td>37,351</td></tr><tr><td>General and administrative</td><td>21,340</td><td>19,909</td><td>18,164</td></tr><tr><td>Depreciation and amortization</td><td>97,618</td><td>88,927</td><td>86,597</td></tr><tr><td></td><td>251,986</td><td>232,944</td><td>232,052</td></tr><tr><td>OPERATING INCOME</td><td>199,036</td><td>175,525</td><td>151,560</td></tr><tr><td>Other interest income</td><td>2,545</td><td>2,215</td><td>1,504</td></tr><tr><td>Interest expense</td><td>(102,808)</td><td>(88,566)</td><td>(85,058)</td></tr><tr><td>Income from real estate partnership</td><td>656</td><td>493</td><td>205</td></tr><tr><td>Minority interests</td><td>(4,353)</td><td>(5,234)</td><td>(4,170)</td></tr><tr><td>INCOME FROM CONTINUING OPERATIONS</td><td>95,076</td><td>84,433</td><td>64,041</td></tr><tr><td>DISCONTINUED OPERATIONS</td><td></td><td></td><td></td></tr><tr><td>(Loss) income from discontinued operations</td><td>(320)</td><td>(569)</td><td>6,063</td></tr><tr><td>Gain on sale of real estate, net of taxes</td><td>23,956</td><td>30,748</td><td>14,052</td></tr><tr><td>Results from discontinued operations</td><td>23,636</td><td>30,179</td><td>20,115</td></tr><tr><td>NET INCOME</td><td>118,712</td><td>114,612</td><td>84,156</td></tr><tr><td>Dividends on preferred stock</td><td>(10,423)</td><td>(11,475)</td><td>(11,475)</td></tr><tr><td>Preferred stock redemption costs</td><td>(4,775)</td><td></td><td></td></tr><tr><td>NET INCOME AVAILABLE FOR COMMON SHAREHOLDERS</td><td>103,514</td><td>S103,137</td><td>$ 72,681</td></tr><tr><td>EARNINGS PER COMMON SHARE, BASIC</td><td></td><td></td><td></td></tr><tr><td>Income from continuing operations available for common</td><td></td><td></td><td></td></tr><tr><td>shareholders</td><td>1.50</td><td>S 1.39</td><td>S 1.03</td></tr><tr><td>(Loss) income from discontinued operations</td><td>(0.01)</td><td>(0.01)</td><td>0.12</td></tr><tr><td>Gain on sale of real estate</td><td>0.45</td><td>0.58</td><td>0.27</td></tr><tr><td></td><td>1.94</td><td>1.96</td><td>1.42</td></tr><tr><td>Weighted average number of common shares, basic</td><td>53,469</td><td>52,533</td><td>51,008</td></tr><tr><td>EARNINGS PER COMMON SHARE, DILUTED</td><td></td><td></td><td></td></tr><tr><td>Income from continuing operations available for common</td><td></td><td></td><td></td></tr><tr><td>shareholders</td><td>1.48</td><td>S 1.37</td><td>$ 1.02</td></tr><tr><td>(Loss) income from discontinued operations</td><td>(0.01)</td><td>(0.01)</td><td>0.12</td></tr><tr><td>Gain on sale of real estate</td><td>0.45</td><td>058</td><td>0.27</td></tr><tr><td></td><td>1.92</td><td>1.94</td><td>1.41</td></tr><tr><td>Weighted average number of common shares, diluted</td><td>53,962</td><td>53,050</td><td>51,547</td></tr></tbody></table>",134,normal,,E: >=0.8
fintab_000847,medium,0.2111,0.5222,18.95,"<table><thead><tr><th></th><th></th><th>Elimination</th><th></th></tr><tr><th></th><th>NBCUniversal</th><th>Non-</th><th>and Consolidated</th></tr><tr><th></th><th>Comcast Comcast CCCL</th><th>Media Guarantor Consolidation</th><th>Comcast</th></tr></thead><tbody><tr><td>For the Year Ended December 31, 2013 (in millions)</td><td>Parent Holdings Parent</td><td>Parent   Subsidiaries Adjustments</td><td>Corporation</td></tr><tr><td>Net cash provided by (used in) operating</td><td></td><td></td><td></td></tr><tr><td>activities</td><td>$ (600) (3) $ (245)</td><td>$ (1,102) $ 16,110 $</td><td>14,160</td></tr><tr><td>Investing Activities:</td><td></td><td></td><td></td></tr><tr><td>Net transactions with affiliates</td><td>66 2,580</td><td>(470) (2,179)</td><td></td></tr><tr><td>Capital expenditures</td><td></td><td>(6,589)</td><td>(6,596)</td></tr><tr><td></td><td>(4</td><td></td><td></td></tr><tr><td>Cash paid for intangible assets</td><td></td><td>(1,005)</td><td>(1,009)</td></tr><tr><td>Acquisitions and construction of real estate</td><td></td><td></td><td></td></tr><tr><td>properties</td><td></td><td>(1,904)</td><td>(1,904)</td></tr><tr><td>Acquisitions, net of cash acquired</td><td></td><td>(99)</td><td>(99)</td></tr><tr><td>Proceeds from sales of businesses and</td><td></td><td></td><td></td></tr><tr><td>investments</td><td></td><td>2 1,081</td><td>1,083</td></tr><tr><td>Purchases of investments</td><td>(1 -</td><td>(3) (1,209)</td><td>(1,223)</td></tr><tr><td>Other</td><td></td><td>108 126</td><td>234</td></tr><tr><td>Net cash provided by (used in) investing</td><td></td><td></td><td></td></tr><tr><td>activities</td><td>44 3 2,580</td><td>(363) (11,778)</td><td>(9,514)</td></tr><tr><td>Financing Activities:</td><td></td><td></td><td></td></tr><tr><td>Proceeds from (repayments of) short-term</td><td></td><td></td><td></td></tr><tr><td>borrowings, net</td><td>1,349</td><td></td><td>1,345</td></tr><tr><td>Proceeds from borrowings</td><td>2,933</td><td></td><td>2,933</td></tr><tr><td>Repurchases and repayments of debt</td><td>(2,335)</td><td>(88) (21)</td><td>(2,444)</td></tr><tr><td>Repurchases and retirements of common</td><td></td><td></td><td></td></tr><tr><td>stock</td><td>(2,000)</td><td></td><td>(2,000)</td></tr><tr><td>Dividends paid</td><td>(1,964)</td><td></td><td>(1,964)</td></tr><tr><td>Issuances of common stock</td><td>40</td><td></td><td>40</td></tr><tr><td>Purchase of NBCUniversal noncontrolling</td><td></td><td></td><td></td></tr><tr><td>common equity interest</td><td>(3,200)</td><td>(7,561)</td><td>(10,761)</td></tr><tr><td>Distributions to noncontrolling interests and</td><td></td><td></td><td></td></tr><tr><td>dividends for redeemable subsidiary</td><td></td><td></td><td></td></tr><tr><td>preferred stock</td><td></td><td>(215)</td><td>(215)</td></tr><tr><td>Settlement of Station Venture liability</td><td></td><td>(602)</td><td>(602)</td></tr><tr><td>Other</td><td>198</td><td>(40) (369)</td><td>(211)</td></tr><tr><td>Net cash provided by (used in) financing</td><td></td><td></td><td></td></tr><tr><td>activities</td><td>556 (2,335) (3,328)</td><td>(8,772)</td><td>(13,879)</td></tr><tr><td>Increase (decrease) in cash and cash equivalents</td><td>(4,793)</td><td>(4,440)</td><td>(9,233)</td></tr><tr><td>Cash and cash equivalents, beginning of year</td><td>5,129</td><td>5,822</td><td>10,951</td></tr><tr><td>Cash and cash equivalents, end of year</td><td>S S -$ S</td><td>336 $ 1,382 S _</td><td>S 1,718</td></tr></tbody></table>",106,nested_column,,B: <0.3
fintab_001532,medium,0.5047,0.8224,10.353,<table><thead><tr><th></th><th></th><th>Page</th></tr><tr><th></th><th>PART</th><th></th></tr></thead><tbody><tr><td>Item Business</td><td></td><td>5</td></tr><tr><td>Item IA Risk Factors</td><td></td><td>30</td></tr><tr><td>Item IB Unresolved Staff Comments</td><td></td><td>52</td></tr><tr><td>Item 2 _ Properties</td><td></td><td>53</td></tr><tr><td>Item 3_ Legal Proceedings</td><td></td><td>56</td></tr><tr><td>Item 4_ Mine_Safety Disclosures</td><td></td><td>57</td></tr><tr><td></td><td>PART</td><td></td></tr><tr><td>Item 5 _</td><td>Market for American Airlines Group s Common StockRelated Stockholder Matters and Issuer Purchases</td><td>58</td></tr><tr><td>Item 6.</td><td>Selected Consolidated Financial Data</td><td>62</td></tr><tr><td>Item 7.</td><td>Management s Discussion and Analysis of Financial Condition and Results of Operations</td><td></td></tr><tr><td>Item 7A_</td><td>Quantitative and Qualitative Disclosures About Market Risk</td><td>115</td></tr><tr><td>Item 84</td><td>Consolidated Financial Statements and Supplementary Data of American Airlines Group Inc</td><td>119</td></tr><tr><td>Item 8B_</td><td>Consolidated Financial Statements and Supplementary Data of_American Airlines_Inc</td><td>190</td></tr><tr><td>Item 9_</td><td>Changes_in and Disagreements with Accountants 0n Accounting and Financial Disclosure</td><td>247</td></tr><tr><td>Item 9A Controls and Procedures</td><td></td><td>247</td></tr><tr><td></td><td>PART</td><td></td></tr><tr><td>Item 10_</td><td>Directors_Executive Officers and Corporate Govemance</td><td>251</td></tr><tr><td>Item 11_ Executive Compensation</td><td></td><td>251</td></tr><tr><td>Item 12</td><td>Security Ownership of Certain Beneficial Owners and Management and Related Stockholder Matters</td><td>251</td></tr><tr><td>Item 13</td><td>Certain Relationships and Related Transactions_and Director Independence</td><td>251</td></tr><tr><td>Item 14_</td><td>Principal Accountant Fees and Services</td><td>251</td></tr><tr><td></td><td>PART IV</td><td></td></tr><tr><td>Item 15_</td><td>Exhibits and Financial Statement Schedules</td><td>252</td></tr><tr><td>SIGNATURES</td><td></td><td>253</td></tr></tbody></table>,58,nested_column,,D: 0.5-0.8
fintab_001627,medium,0.5,0.6667,1.057,"<table><thead><tr><th></th><th></th><th>Year Ended December 31_</th><th></th></tr></thead><tbody><tr><td></td><td>2015</td><td>2014</td><td>2013</td></tr><tr><td>Mainline operating special items, net (1)</td><td>S1,051</td><td>S 783</td><td>$ 559</td></tr></tbody></table>",8,normal,,D: 0.5-0.8
fintab_002132,medium,0.4643,0.6786,6.09,"<table><thead><tr><th></th><th colspan=""3""></th></tr><tr><th></th><th>Number of</th><th>Weighted-</th><th>Weighted-Average</th></tr><tr><th></th><th>Options at</th><th>Average</th><th>Remaining</th></tr></thead><tbody><tr><td>Exercise Price</td><td>Year End</td><td>Exercise</td><td>Contractual Life</td></tr><tr><td>per Share</td><td>(000 s)</td><td>Price</td><td>(in years)</td></tr><tr><td>Under $1o.00</td><td>335</td><td>S9.30</td><td>2.34</td></tr><tr><td>510.01-525.00</td><td>1,212</td><td>15.27</td><td>3.91</td></tr><tr><td>S25.01-S40.00</td><td>871</td><td>34.37</td><td>2.00</td></tr><tr><td>S40.01-555.00</td><td>13,879</td><td>48.36</td><td>1.99</td></tr><tr><td>Over $55.00</td><td>4,267</td><td>66.61</td><td>3.26</td></tr><tr><td>AIstock options</td><td>20,564</td><td>548.97</td><td>2.37</td></tr></tbody></table>",39,nested_column,,C: 0.3-0.5
fintab_001497,medium,0.3429,0.4857,3.367,"<table><thead><tr><th></th><th></th><th></th><th>AAG</th><th></th><th></th><th colspan=""2""></th><th></th></tr></thead><tbody><tr><td></td><td></td><td colspan=""2""></td><td></td><td></td><td colspan=""2""></td><td></td></tr><tr><td></td><td></td><td>2013</td><td></td><td>2012</td><td></td><td>2013</td><td></td><td>2012</td></tr><tr><td>Cash</td><td>S</td><td>1,140</td><td>S</td><td>480</td><td>S</td><td>829</td><td>S</td><td>474</td></tr><tr><td>Short-term investments</td><td></td><td>8,111</td><td></td><td>3,412</td><td></td><td>5,162</td><td></td><td>3,408</td></tr><tr><td>Restricted cash and short-term investments</td><td></td><td>1,035</td><td></td><td>850</td><td></td><td>702</td><td></td><td>850</td></tr><tr><td>Total cash, short-term investments and restricted cash and short-term investments</td><td>S</td><td>10,286</td><td>$</td><td>4,742</td><td>S</td><td>6,693</td><td>S</td><td>4,732</td></tr></tbody></table>",36,normal,,C: 0.3-0.5
fintab_001507,medium,0.828,0.8387,7.283,"<table><thead><tr><th></th><th></th><th></th><th>Percent</th></tr><tr><th></th><th></th><th></th><th>Increase</th></tr></thead><tbody><tr><td></td><td>2012</td><td>2011</td><td>(Decrease)</td></tr><tr><td></td><td>(In cents)</td><td></td><td></td></tr><tr><td>Mainline CASM:</td><td></td><td></td><td></td></tr><tr><td>Aircraft fuel and related taxes</td><td>5.05</td><td>4.77</td><td>5.9</td></tr><tr><td>Salaries, wages and benefits</td><td>4.07</td><td>4.12</td><td>(1.2)</td></tr><tr><td>Maintenance, materials and repairs</td><td>0.76</td><td>0.67</td><td>13.4</td></tr><tr><td>Other rent and landing fees</td><td>0.71</td><td>0.77</td><td>(7.8)</td></tr><tr><td>Aircraft rent</td><td>0.36</td><td>0.42</td><td>(14.3)</td></tr><tr><td>Selling expenses</td><td>0.69</td><td>0.71</td><td>(2.8)</td></tr><tr><td>Depreciation and amortization</td><td>0.55</td><td>0.59</td><td>(6.8)</td></tr><tr><td>Special items, net</td><td>0.25</td><td>0.49</td><td>(49.0)</td></tr><tr><td>Other</td><td>1.75</td><td>1.71</td><td>2.3</td></tr><tr><td>Total mainline CASM</td><td>14.20</td><td>14.25</td><td>(0.4)</td></tr><tr><td>Less: Special items, net</td><td>(0.25)</td><td>(0.49)</td><td></td></tr><tr><td>Less: Aircraft fuel and related taxes</td><td>(5.05)</td><td>(4.77)</td><td></td></tr><tr><td>Total mainline CASM excluding special items, fuel and profit sharing</td><td>8.90</td><td>8.99</td><td>(1.0)</td></tr></tbody></table>",57,nested_column,,E: >=0.8
fintab_002691,medium,0.6923,0.8077,4.094,"<table><thead><tr><th></th><th colspan=""2""></th><th></th></tr></thead><tbody><tr><td></td><td>2010</td><td>2009</td><td>2008</td></tr><tr><td></td><td></td><td>In thousands)</td><td></td></tr><tr><td>Minimum rents</td><td></td><td></td><td></td></tr><tr><td>Retail and commercial</td><td>S381,012</td><td>S373,506</td><td>S365,735</td></tr><tr><td>Residential</td><td>21,583</td><td>21,093</td><td>18,326</td></tr><tr><td>Cost reimbursement</td><td>107,658</td><td>104,052</td><td>103,118</td></tr><tr><td>Percentage rent</td><td>6,374</td><td>6,508</td><td>8,415</td></tr><tr><td>Other</td><td>8,901</td><td>7,566</td><td>5,461</td></tr><tr><td>Total rental income</td><td>S525,528</td><td>S512,725</td><td>S501,055</td></tr></tbody></table>",30,normal,,D: 0.5-0.8
fintab_002578,extreme,0.3125,0.5312,2.499,"<table><thead><tr><th></th><th>December 31, 2007</th><th colspan=""2""></th></tr></thead><tbody><tr><td></td><td>Carrying</td><td>Carrying</td><td></td></tr><tr><td></td><td>Value Fair Value</td><td>Value</td><td>Fair Value</td></tr><tr><td></td><td></td><td>(In thousands)</td><td></td></tr><tr><td>Mortgages and notes payable</td><td>S584,795 S603,200</td><td>$ 420,061</td><td>$ 449,130</td></tr><tr><td>Senior notes</td><td>S977,556 S979,562</td><td>$1,127,508</td><td>S1,146,767</td></tr></tbody></table>",16,normal,,C: 0.3-0.5
fintab_001798,medium,0.7313,0.9104,4.615,"<table><thead><tr><th></th><th colspan=""2""></th><th></th></tr></thead><tbody><tr><td></td><td>2016</td><td>2015</td><td>2014</td></tr><tr><td>Aircraft fuel and related taxes</td><td>S1,109</td><td>S1,230</td><td>S2,009</td></tr><tr><td>Salaries , wages and benefits</td><td>327</td><td>276</td><td>228</td></tr><tr><td>Capacity purchases from third-party regional carriers (1)</td><td>3,186</td><td>3,137</td><td>2,858</td></tr><tr><td>Maintenance, materials and repairs</td><td></td><td></td><td></td></tr><tr><td>Other rent and landing fees</td><td>487</td><td>434</td><td>386</td></tr><tr><td>Aircraft rent</td><td>28</td><td>28</td><td>27</td></tr><tr><td>Selling expenses</td><td>347</td><td>333</td><td>307</td></tr><tr><td>Depreciation and amortization</td><td>237</td><td>197</td><td>168</td></tr><tr><td>Special items net</td><td>13</td><td>18</td><td>5</td></tr><tr><td>Other</td><td>271</td><td>295</td><td>483</td></tr><tr><td>Total regional expenses</td><td>S6,009</td><td>S5,952</td><td>S6,477</td></tr></tbody></table>",45,normal,,D: 0.5-0.8
fintab_001529,medium,0.1702,0.4894,3.358,"<table><thead><tr><th></th><th></th><th>Retiree Medical and Other</th></tr><tr><th></th><th>Pen sion Benefits</th><th>Benefits</th></tr></thead><tbody><tr><td></td><td>2014 2013</td><td>2014 2013</td></tr><tr><td>Eor plans with accumulated benefit obligations exceeding the fair</td><td></td><td></td></tr><tr><td>value ofplan assets:</td><td></td><td></td></tr><tr><td>Projected benefit obligation (PBO)</td><td>17,560 14,869</td><td></td></tr><tr><td>Accumulated benefit obligation (ABO)</td><td>17.548 14,858</td><td></td></tr><tr><td>Accumulated postretirement benefit obligation (APBO)</td><td></td><td>1,324 1,385</td></tr><tr><td>Fair value ofplan assets</td><td>10,950 10,024</td><td>244 239</td></tr><tr><td>ABO less fair value of plan assets</td><td>6,598 4,834</td><td></td></tr></tbody></table>",18,nested_column,,B: <0.3
fintab_002188,extreme,0.3165,0.431,22.647,"<table><thead><tr><th></th><th></th><th></th><th>Design</th><th></th></tr><tr><th></th><th></th><th></th><th>(Bcfld)</th><th></th></tr><tr><th></th><th></th><th>Miles</th><th>[Storage</th><th></th></tr></thead><tbody><tr><td></td><td>Ownership</td><td>of</td><td>(Bcf)]</td><td></td></tr><tr><td></td><td>Interest %</td><td>Pipeline</td><td>Capacity</td><td>Supply and Market Region</td></tr><tr><td>Natural Gas Pipelines</td><td></td><td></td><td></td><td></td></tr><tr><td>TGP</td><td>100</td><td>11,900</td><td>9.00</td><td>South Texas and Gulf of Mexico to northeast and southeast U.S;;</td></tr><tr><td></td><td></td><td></td><td>[97]</td><td>Haynesville, Marcellus, Utica, and Eagle Ford shale formations</td></tr><tr><td>EPNG/Mojave</td><td>100</td><td>10, 700</td><td>5.65</td><td>Northern New Mexico, Texas, Oklahoma, to California, connects</td></tr><tr><td>pipeline system</td><td></td><td></td><td>[44]</td><td>to San Juan, Permian, and Anadarko basins</td></tr><tr><td>NGPL</td><td>20</td><td>9,200</td><td>6.20</td><td>Chicago and other Midwest markets and all central U.S. supply</td></tr><tr><td></td><td></td><td></td><td>[288] basins</td><td></td></tr><tr><td>SNG</td><td>100</td><td>6,900</td><td>3.90</td><td>Texas; Louisiana, Mississippi, Alabama, Florida, Georgia; South</td></tr><tr><td></td><td></td><td></td><td>[68]</td><td>Carolina and Tennessee; basins in Texas, Louisiana, Mississippi</td></tr><tr><td></td><td></td><td></td><td>and Alabama</td><td></td></tr><tr><td>Florida Gas</td><td>50</td><td>5,300</td><td>3.60</td><td>Texas to Florida; basins along Louisiana and Texas Gulf Coast;</td></tr><tr><td>Transmission</td><td></td><td></td><td>Mobile Bay</td><td>and offshore Gulf of Mexico</td></tr><tr><td>(Citrus)</td><td></td><td></td><td></td><td></td></tr><tr><td>CIG</td><td>100</td><td>4,300</td><td>5.20</td><td>Colorado and Wyoming; Rocky Mountains and the Anadarko</td></tr><tr><td></td><td></td><td></td><td>[43] Basin</td><td></td></tr><tr><td>WIC</td><td>100</td><td>850</td><td>3.90</td><td>Wyoming; Colorado, and Utah; Overthrust; Piceance, Uinta;</td></tr><tr><td></td><td></td><td></td><td></td><td>Powder River and Green River Basins</td></tr><tr><td>Ruby pipeline</td><td>50</td><td>680</td><td>1.50</td><td>Wyoming to Oregon; Rocky Mountain basins</td></tr><tr><td>MEP</td><td>50</td><td>510</td><td>1.80</td><td>Oklahoma and north Texas supply basins to interconnects with</td></tr><tr><td></td><td></td><td></td><td></td><td>deliveries t0 interconnects with Transco, Columbia Gulf and</td></tr><tr><td></td><td></td><td></td><td>various other</td><td>pipelines</td></tr><tr><td>CPG</td><td>100</td><td>410</td><td>1.20</td><td>Colorado and Kansas, natural gas basins in the Central Rocky</td></tr><tr><td></td><td></td><td></td><td>Mountain area</td><td></td></tr><tr><td>TransColorado</td><td>100</td><td>310</td><td>1.00</td><td>Colorado and New Mexico; connects to San Juan, Paradox and</td></tr><tr><td>Gas</td><td></td><td></td><td>Piceance basins</td><td></td></tr><tr><td>WYCO</td><td>50</td><td>224</td><td>1.20</td><td>Northeast Colorado; connects with High Plains</td></tr><tr><td></td><td></td><td></td><td>[7]</td><td></td></tr><tr><td>Elba Express</td><td>100</td><td>200</td><td>0.95</td><td>Georgia; connects to SNG (Georgia), Transco Georgia/South</td></tr><tr><td></td><td></td><td></td><td>Carolina</td><td>and CGT (Georgia).</td></tr><tr><td>FEP</td><td>50</td><td>185</td><td>2.00 Arkansas to</td><td>Mississippi; connects to NGPL, Trunkline Gas</td></tr><tr><td></td><td></td><td></td><td></td><td>Company, Texas Gas Transmission, and ANR Pipeline Company</td></tr><tr><td>KM Louisiana</td><td>100</td><td>135</td><td>3.20</td><td>sources gas from Cheniere Sabine Pass LNG terminal to</td></tr><tr><td></td><td></td><td></td><td></td><td>interconnects with Columbia Gulf; ANR and various other</td></tr><tr><td></td><td></td><td></td><td>pipelines</td><td></td></tr><tr><td>Sierrita pipeline</td><td>35</td><td>60</td><td>0.20</td><td>near Tucson, Arizona, to the U.S.-Mexico border near Sasabe,</td></tr><tr><td></td><td></td><td></td><td></td><td>Arizona; connects to EPNG and via a new international border</td></tr><tr><td></td><td></td><td></td><td></td><td>crossing with a new natural gas pipeline in Mexico</td></tr><tr><td>Young Gas Storage</td><td>48</td><td>17</td><td>[6]</td><td>Morgan County, Colorado, capacity is committed to CIG and</td></tr><tr><td></td><td></td><td></td><td></td><td>Colorado Springs Utilities.</td></tr><tr><td>Keystone Gas</td><td>100</td><td>12</td><td>[9]</td><td>located in the Permian Basin and near the WAHA natural gas</td></tr><tr><td>Storage</td><td></td><td></td><td></td><td>trading hub in West Texas.</td></tr><tr><td>Gulf LNG Holdings</td><td>50</td><td>5</td><td>[7]</td><td>near Pascagoula, Mississippi; connects to four interstate pipelines</td></tr><tr><td></td><td></td><td></td><td></td><td>and natural gas processing plant</td></tr><tr><td>Bear Creek Storage</td><td>100</td><td></td><td>[591</td><td>50% SNG and 50% TGP</td></tr></tbody></table>",144,nested_column,,C: 0.3-0.5
fintab_001379,extreme,0.2941,0.6078,2.891,"<table><thead><tr><th></th><th>2017</th><th>2016</th><th>2015</th><th>2014</th><th></th><th>2013</th></tr></thead><tbody><tr><td></td><td></td><td></td><td>(Dollars in thousands)</td><td></td><td></td><td></td></tr><tr><td>Net cash provided by operating activities from continuing</td><td></td><td></td><td></td><td></td><td></td><td></td></tr><tr><td>operations</td><td>$ 426,301</td><td>$ 410,590</td><td>$ 303,446</td><td>$ 290,241</td><td>S</td><td>231,299</td></tr><tr><td>Less: Capital expenditures</td><td>70,903</td><td>53,135</td><td>61,448</td><td>67,571</td><td></td><td>63,580</td></tr><tr><td>Free cash flow</td><td>$ 355,398</td><td>S 357,455</td><td>$ 241,998</td><td>$ 222,670</td><td>S</td><td>167,719</td></tr></tbody></table>",27,normal,,B: <0.3
fintab_001582,medium,0.8434,0.9398,6.503,"<table><thead><tr><th></th><th>December 31.</th><th></th></tr></thead><tbody><tr><td></td><td>2014</td><td>2013</td></tr><tr><td>Deferred tax assets:</td><td></td><td></td></tr><tr><td>Postretirement benefits other than pensions</td><td>S 386</td><td>643</td></tr><tr><td>Rent expense</td><td>180</td><td>355</td></tr><tr><td>Alternative minimum tax credit canryforwards</td><td>346</td><td>370</td></tr><tr><td>Operating loss carryforwards</td><td>3,461</td><td>3,655</td></tr><tr><td>Pensions</td><td>2,403</td><td>1,765</td></tr><tr><td>Frequent flyer obligation</td><td>948</td><td>1,075</td></tr><tr><td>Gains from lease transactions</td><td>207</td><td>56</td></tr><tr><td>Reorganization items</td><td>64</td><td>682</td></tr><tr><td>Other</td><td>1,210</td><td>871</td></tr><tr><td>Total deferred tax assets</td><td>9,205</td><td>9,472</td></tr><tr><td>Valuation allowance</td><td>4,816)</td><td>(5,013)</td></tr><tr><td>Net deferred tax assets</td><td>4,389</td><td>4,459</td></tr><tr><td>Deferred tax liabilities:</td><td></td><td></td></tr><tr><td>Accelerated depreciation and amortization</td><td>4,829_</td><td>(4,460)</td></tr><tr><td>Other</td><td>98</td><td>(519)</td></tr><tr><td>Total deferred tax liabilities</td><td>(4,927)</td><td>(4,979)</td></tr><tr><td>Net deferred tax liability</td><td>(538)</td><td>(520)</td></tr></tbody></table>",53,normal,,E: >=0.8
fintab_001406,medium,0.3667,0.4667,1.667,"<table><thead><tr><th></th><th>2018</th><th></th><th>2017</th><th></th><th>2016</th></tr></thead><tbody><tr><td></td><td></td><td colspan=""2""></td><td></td><td></td></tr><tr><td>Gross profit</td><td>1,384.4</td><td>S</td><td>1,171.8</td><td>S</td><td>996.2</td></tr><tr><td>Percentage of revenues</td><td>56.5%</td><td></td><td>54.6%</td><td></td><td>53.3%</td></tr></tbody></table>",14,normal,,C: 0.3-0.5
fintab_002365,extreme,0.5052,0.7148,21.859,"<table><thead><tr><th></th><th></th><th></th><th>Balance Sheet</th><th></th></tr></thead><tbody><tr><td></td><td></td><td></td><td>December 31,2016</td><td></td></tr><tr><td></td><td></td><td>Standard &</td><td></td><td></td></tr><tr><td></td><td></td><td>Poor's Financial</td><td>Non-Guarantor</td><td>s&P Global Inc_</td></tr><tr><td>(in millions)</td><td>s&P Global Inc_</td><td>Services LLC</td><td>Subsidiaries Eliminations</td><td>Consolidated</td></tr><tr><td>ASSETS</td><td></td><td></td><td></td><td></td></tr><tr><td>Current assets:</td><td></td><td></td><td></td><td></td></tr><tr><td>Cash and cash equivalents</td><td>711</td><td></td><td>1,681</td><td>2,392</td></tr><tr><td>Accounts receivable, net of allowance for</td><td></td><td></td><td></td><td></td></tr><tr><td>doubtful accounts</td><td>138</td><td>131</td><td>853</td><td>1,122</td></tr><tr><td>Intercompany receivable</td><td>(165)</td><td>837</td><td>870 (1,542)</td><td></td></tr><tr><td>Prepaid and other current assets</td><td>77</td><td>2</td><td>79</td><td>157</td></tr><tr><td>Total current assets</td><td>761</td><td>970</td><td>3,483 (1,543)</td><td>3,671</td></tr><tr><td>Property and equipment; net of</td><td></td><td></td><td></td><td></td></tr><tr><td>accumulated depreciation</td><td>159</td><td></td><td>111</td><td>271</td></tr><tr><td>Goodwill</td><td>261</td><td></td><td>2,679</td><td>2,949</td></tr><tr><td>Other intangible assets, net</td><td></td><td></td><td>1,506</td><td>1,506</td></tr><tr><td>Investments in subsidiaries</td><td>5,464</td><td>680</td><td>7,826 (13,970)</td><td></td></tr><tr><td>Intercompany loans receivable</td><td>17</td><td></td><td>1,354 (1,371)</td><td></td></tr><tr><td>Other non-current assets</td><td>134</td><td>24</td><td>114</td><td>272</td></tr><tr><td>Total assets</td><td>$ 6,796</td><td>$1,675</td><td>S17,073 8(16,875)</td><td>8,669</td></tr><tr><td>LIABILITIES AND EQUITY</td><td></td><td></td><td></td><td></td></tr><tr><td>Current liabilities:</td><td></td><td></td><td></td><td></td></tr><tr><td>Accounts payable</td><td>5 73</td><td>22</td><td>88</td><td>183</td></tr><tr><td>Intercompany payable</td><td>1,324</td><td>40</td><td>177 (1,541)</td><td></td></tr><tr><td>Accrued compensation and contributions</td><td></td><td></td><td></td><td></td></tr><tr><td>to retirement plans</td><td>129</td><td>69</td><td>211</td><td>409</td></tr><tr><td>Income taxes currently payable</td><td>43</td><td></td><td>52</td><td>95</td></tr><tr><td>Unearned revenue</td><td>273</td><td>191</td><td>1,045</td><td>1,509</td></tr><tr><td>Accrued legal and regulatory settlements</td><td>2</td><td>3</td><td>51</td><td>56</td></tr><tr><td>Other current liabilities</td><td>163</td><td>(54)</td><td>250</td><td>359</td></tr><tr><td>Total current liabilities</td><td>2,007</td><td>271</td><td>1,874 (1,541)</td><td>2,611</td></tr><tr><td>Long-term debt</td><td>3,564</td><td></td><td></td><td>3,564</td></tr><tr><td>Intercompany loans payable</td><td>11</td><td></td><td>1,360 (1,371)</td><td></td></tr><tr><td>Pension and other postretirement benefits</td><td>196</td><td></td><td>78</td><td>274</td></tr><tr><td>Other non-current liabilities</td><td>52</td><td>74</td><td>314</td><td>439</td></tr><tr><td>Total liabilities</td><td>5,830</td><td>345</td><td>3,626 (2,913)</td><td>6,888</td></tr><tr><td>Redeemable noncontrolling interest</td><td></td><td></td><td>1,080</td><td>1,080</td></tr><tr><td>Equity:</td><td></td><td></td><td></td><td></td></tr><tr><td>Common stock</td><td>412</td><td></td><td>2,460 (2,460)</td><td>412</td></tr><tr><td>Additional paid-in capital</td><td>(174)</td><td>1,154</td><td>10,485 (10,963)</td><td>502</td></tr><tr><td>Retained income</td><td>9,721</td><td>176</td><td>1,034 (1,721)</td><td>9,210</td></tr><tr><td>Accumulated other comprehensive loss</td><td>(292)</td><td></td><td>(525) 44</td><td>(773)</td></tr><tr><td>Less: common stock in treasury</td><td>(8,701)</td><td></td><td></td><td>(8,701)</td></tr><tr><td>Total equity- controlling interests</td><td>966</td><td>1,330</td><td>13,447 (15,093)</td><td>650</td></tr><tr><td>Total equity noncontrolling interests</td><td></td><td></td><td>51</td><td>51</td></tr><tr><td>Totalequity</td><td>966</td><td>1,330</td><td>13,447 (15,042)</td><td>701</td></tr><tr><td>Total liabilities and equity</td><td>$ 6,796</td><td>$1,675</td><td>817,073 $(16,875)</td><td>$ 8,669</td></tr></tbody></table>",170,normal,,D: 0.5-0.8
fintab_001332,medium,0.3714,0.5714,2.532,<table><thead><tr><th></th><th>Pension</th><th>Other Benefits</th></tr></thead><tbody><tr><td></td><td>2015 2014</td><td>2015 2014</td></tr><tr><td>Discount rate</td><td>4.5% 4.1%</td><td>4.3% 4.0%</td></tr><tr><td>Rate of compensation increase</td><td>2.8% 3.0%</td><td></td></tr><tr><td>Initial healthcare trend rate</td><td></td><td>8.4% 7.3%</td></tr><tr><td>Ultimate healthcare trend rate</td><td></td><td>5.0% 5.0%</td></tr></tbody></table>,13,normal,,C: 0.3-0.5
fintab_002271,medium,0.3158,0.5526,2.409,"<table><thead><tr><th></th><th>Productive Wells (a)</th><th colspan=""2"">Service Wells (b)</th><th>Drilling Wells</th><th></th></tr><tr><th></th><th>Gross Net</th><th>Gross</th><th>Net</th><th>Gross</th><th>Net</th></tr></thead><tbody><tr><td>Crude Oil</td><td>2,187 1,351</td><td>997</td><td>738</td><td>3</td><td>3</td></tr><tr><td>Natural Gas _</td><td>5 2</td><td></td><td></td><td></td><td></td></tr><tr><td>Total Wells</td><td>2,192 1,353</td><td>997</td><td>738</td><td></td><td>3</td></tr></tbody></table>",21,nested_column,,C: 0.3-0.5
fintab_001359,extreme,0.1551,0.4335,15.009,"<table><thead><tr><th></th><th></th><th></th><th>2017(1)</th><th></th><th>2016(1)</th><th></th><th>20156)</th><th></th><th>2014(1)</th><th></th><th>2013/1)</th></tr></thead><tbody><tr><td></td><td></td><td></td><td></td><td colspan=""6""></td><td></td><td></td></tr><tr><td colspan=""2"">Statement of Income Data:</td><td></td><td></td><td></td><td></td><td></td><td></td><td></td><td></td><td></td><td></td></tr><tr><td>Net revenues</td><td></td><td></td><td>$ 2,146,303</td><td>$</td><td>1,868,027</td><td>S</td><td>1,809,690</td><td>S</td><td>1,839,832</td><td colspan=""2""></td></tr><tr><td colspan=""2""></td><td></td><td></td><td></td><td></td><td></td><td></td><td></td><td></td><td></td><td></td></tr><tr><td colspan=""2"">on</td><td>S</td><td>372,279</td><td>$</td><td>319,453</td><td>S</td><td>315,891</td><td>S</td><td>284,862</td><td>S</td><td>233,261</td></tr><tr><td colspan=""2""></td><td>S</td><td>155,263</td><td>$</td><td>237,651</td><td>S</td><td>236,808</td><td>S</td><td>191,460</td><td>5</td><td>152,183</td></tr><tr><td colspan=""2""></td><td></td><td></td><td></td><td></td><td></td><td></td><td></td><td></td><td></td><td></td></tr><tr><td>income from</td><td>continuing operations</td><td>S</td><td>155,263</td><td>$</td><td>237,187</td><td>S</td><td>235,958</td><td>S</td><td>190,388</td><td>S</td><td>151,316</td></tr><tr><td>Per Share Data:</td><td></td><td></td><td></td><td></td><td></td><td></td><td></td><td></td><td></td><td></td><td></td></tr><tr><td>Income from</td><td>continuing operations</td><td>basic 5</td><td>3.45</td><td>$</td><td>5.47</td><td>S</td><td>5.68</td><td>S</td><td>4.60</td><td>S</td><td>3.68</td></tr><tr><td colspan=""2""></td><td>diluted S</td><td>3.33</td><td>S</td><td>4.98</td><td>$</td><td>4.91</td><td>S</td><td>4.10</td><td>S</td><td>3.46</td></tr><tr><td>Cash dividends</td><td></td><td>S</td><td>1.36</td><td>$</td><td>1.36</td><td></td><td>1.36</td><td>S</td><td>1.36</td><td>S</td><td>1.36</td></tr><tr><td>Balance Sheet Data:</td><td></td><td></td><td></td><td></td><td></td><td></td><td></td><td></td><td></td><td></td><td></td></tr><tr><td>Total assets</td><td></td><td></td><td>$ 6,181,492</td><td colspan=""2""></td><td colspan=""2""></td><td colspan=""2""></td><td colspan=""2""></td></tr><tr><td>Long-term borrowings</td><td></td><td></td><td>$ 2,162,927</td><td>$</td><td>850,252</td><td>S</td><td>641,850</td><td>S</td><td>693,720</td><td>S</td><td>927,496</td></tr><tr><td>Shareholders' equity</td><td></td><td></td><td>$ 2,430,531</td><td colspan=""2""></td><td colspan=""2""></td><td>S</td><td>1,911,309</td><td colspan=""2""></td></tr><tr><td colspan=""2"">Statement of Cash Flows Data:</td><td></td><td></td><td></td><td></td><td></td><td></td><td></td><td></td><td></td><td></td></tr><tr><td colspan=""2""></td><td></td><td></td><td></td><td></td><td></td><td></td><td></td><td></td><td></td><td></td></tr><tr><td colspan=""2"">continuing operations</td><td>S</td><td>426,301</td><td>$</td><td>410,590</td><td>S</td><td>303,446</td><td>S</td><td>290,241</td><td>S</td><td>231,299</td></tr><tr><td colspan=""2""></td><td></td><td></td><td></td><td></td><td></td><td></td><td></td><td></td><td></td><td></td></tr><tr><td>operations</td><td></td><td></td><td>S(1,832,855)</td><td>$</td><td>(56,974)</td><td>S</td><td>(154,848)</td><td>S</td><td>(108,137)</td><td>S</td><td>(372,638)</td></tr><tr><td colspan=""2""></td><td></td><td></td><td></td><td></td><td></td><td></td><td></td><td></td><td></td><td></td></tr><tr><td colspan=""2"">continuing operations</td><td></td><td>S 1,141,259</td><td>$</td><td>(118,692)</td><td>S</td><td>(85,583)</td><td>S</td><td>(287,703)</td><td>S</td><td>231,170</td></tr><tr><td>Supplemental Data:</td><td></td><td></td><td></td><td></td><td></td><td></td><td></td><td></td><td></td><td></td><td></td></tr><tr><td>Free cash flowz)</td><td></td><td>5</td><td>355,398</td><td>S</td><td>357,455</td><td>S</td><td>241,998</td><td>5</td><td>222,670</td><td>5</td><td>167,719</td></tr></tbody></table>",158,normal,,B: <0.3
fintab_001699,medium,0.4783,0.8,12.164,<table><thead><tr><th></th><th></th><th>Page</th></tr><tr><th></th><th>PART</th><th></th></tr></thead><tbody><tr><td>Item Business</td><td></td><td>5</td></tr><tr><td>Item 1A_ Risk Factors</td><td></td><td>15</td></tr><tr><td>Item 1B_ Unresolved Staff Comments</td><td></td><td>32</td></tr><tr><td>Item 2. Properties</td><td></td><td>33</td></tr><tr><td>Item 3. Legal Proceedings</td><td></td><td>36</td></tr><tr><td>Item 4. Mine_Safety _Disclosures</td><td></td><td>37</td></tr><tr><td></td><td>PARLI</td><td></td></tr><tr><td>Item 5.</td><td>Market for American Airlines Group's Common Stock Related Stockholder Matters_and Issuer Purchases of Equity</td><td></td></tr><tr><td>Securities</td><td></td><td>38</td></tr><tr><td>Item 6. Selected Consolidated Financial Data</td><td></td><td>41</td></tr><tr><td>Item 7.</td><td>Management's Discussion and Analysis_of Financial Condition and Results_of_Operations</td><td>45</td></tr><tr><td>Item 7A:</td><td>Quantitative and Qualitative Disclosures About Market Risk</td><td>78</td></tr><tr><td>Item 8A _</td><td>Consolidated Financial Statements_and Supplementary_Data of _American Airlines Group Inc</td><td>80</td></tr><tr><td>Item 8B .</td><td>Consolidated Financial Statements_and Supplementary Data of American Airlines_Inc;</td><td>125</td></tr><tr><td>Item 9.</td><td>Changes In and Disagreements_wth Accountants_on Accounting and Financial Disclosure</td><td>170</td></tr><tr><td>Item 9A _ Controls_and Procedures</td><td></td><td>170</td></tr><tr><td></td><td>PARL H</td><td></td></tr><tr><td>Item 10. Directors</td><td>Executive Officers_and Corporate Governance</td><td>174</td></tr><tr><td>Item 11_ Executive Compensation</td><td></td><td>174</td></tr><tr><td>Item 12.</td><td>Security Ownership of Certain Beneficial Owners_and Management and Related Stockholder Matters</td><td>174</td></tr><tr><td>Item 13.</td><td>Certain Relationships_and Related Transactions and Director Independence</td><td>174</td></tr><tr><td>Item 14_ Principal Accountant Fees_and Services</td><td></td><td>174</td></tr><tr><td></td><td>PARLIV</td><td></td></tr><tr><td>Item 15. Exhibits_and Financial Statement Schedules</td><td></td><td>175</td></tr><tr><td>Item 16. Form 10-K Summary</td><td></td><td>197</td></tr><tr><td>SIGNATURES</td><td></td><td>198</td></tr></tbody></table>,59,nested_column,,C: 0.3-0.5
fintab_002582,extreme,0.5981,0.7757,11.459,"<table><thead><tr><th>Item 1 Business</th><th></th><th>3</th></tr></thead><tbody><tr><td>Item IA- Risk Factors</td><td></td><td>8</td></tr><tr><td>Item IB.</td><td>Unresolved Staff Comments</td><td>17</td></tr><tr><td>Item 2 Properties</td><td></td><td>17</td></tr><tr><td>Item 3. Legal Proceedings</td><td></td><td>25</td></tr><tr><td>Item 4.</td><td>Submission of Matters to a Vote of Shareholders</td><td>25</td></tr><tr><td>PART II</td><td></td><td></td></tr><tr><td>Item 5 .</td><td>Market for Our Common Equity and Related Shareholder Matters and Issuer Purchases of</td><td></td></tr><tr><td>Equity Securities</td><td></td><td>26</td></tr><tr><td>Item 6</td><td>Selected Financial Data</td><td>28</td></tr><tr><td>Item Management""</td><td>S Discussion and Analysis of Financial Condition and Results of Operations</td><td>30</td></tr><tr><td>Item TA-</td><td>Quantitative and Qualitative Disclosures about Market Risk</td><td>57</td></tr><tr><td>Item 8_</td><td>Financial Statements and Supplementary Data</td><td>58</td></tr><tr><td>Item 9</td><td>Changes In and Disagreements with Accountants on Accounting and Financial Disclosure</td><td>58</td></tr><tr><td>Item 9A-</td><td>Controls and Procedures</td><td>58</td></tr><tr><td>Item 9B. Other Information</td><td></td><td>60</td></tr><tr><td>PART III</td><td></td><td></td></tr><tr><td>Item 10.</td><td>Trustees, Executive Officers and Corporate Governance</td><td>61</td></tr><tr><td>Item 11.</td><td>Executive Compensation</td><td>61</td></tr><tr><td>Item 12.</td><td>Security Ownership of Certain Beneficial Owners and Management and Related Shareholder</td><td></td></tr><tr><td>Matters</td><td></td><td>61</td></tr><tr><td>Item 13.</td><td>Certain Relationships and Related Transactions, and Trustee Independence</td><td>61</td></tr><tr><td>Item 14.</td><td>Principal Accountant Fees and Services</td><td>61</td></tr><tr><td>PART IV</td><td></td><td></td></tr><tr><td>Item 15 .</td><td>Exhibits and Financial Statement Schedules</td><td>62</td></tr><tr><td>SIGNATURES</td><td></td><td>63</td></tr></tbody></table>",62,normal,,D: 0.5-0.8
fintab_001265,medium,0.7612,0.9552,24.735,"<table><thead><tr><th></th><th></th><th>For years ended December 31</th><th></th></tr></thead><tbody><tr><td>(In millions)</td><td>2017</td><td>2016</td><td>2015</td></tr><tr><td>OPERATING ACTIVITIES</td><td></td><td></td><td></td></tr><tr><td>Net income</td><td>472.7</td><td>$ 413.2</td><td>315.5</td></tr><tr><td>Non-cash expense (income):</td><td></td><td></td><td></td></tr><tr><td>Depreciation</td><td>98.6</td><td>94.6</td><td>93.5</td></tr><tr><td>Amortization of intangibles</td><td>31.7</td><td>28.1</td><td>21.6</td></tr><tr><td>Stock-based compensation</td><td>43.0</td><td>32.0</td><td>27.6</td></tr><tr><td>Restructuring charges</td><td></td><td>(0.1)</td><td>1.0</td></tr><tr><td>Loss (gain) on sale of property , plant and equipment</td><td>0.9</td><td>2</td><td>(0.5)</td></tr><tr><td>Loss on sale of product line</td><td>2.4</td><td></td><td></td></tr><tr><td>Loss on sale of discontinued operation</td><td></td><td></td><td>16.7</td></tr><tr><td>Asset impairment charges</td><td>15.3</td><td></td><td></td></tr><tr><td>Recognition of actuarial (gains) losses</td><td>(0.5)</td><td>1.9</td><td>8.6</td></tr><tr><td>Deferred taxes</td><td>(18.7)</td><td>25.8)</td><td>(13.6)</td></tr><tr><td>Amortization of deferred financing costs</td><td>2.0</td><td>3.6</td><td>0.6</td></tr><tr><td>Changes in assets and liabilities including effects subsequent to acquisitions:</td><td></td><td></td><td></td></tr><tr><td>Decrease (increase) in accounts receivable</td><td>1.0</td><td>(39.1)</td><td>(6.9)</td></tr><tr><td>(Increase decrease in inventories</td><td>(24.8)</td><td>52.4</td><td>(69.8)</td></tr><tr><td>Increase (decrease) in accounts payable</td><td>24.0</td><td>57.6</td><td>(16.0)</td></tr><tr><td>(Increase) decrease in other assets</td><td>(28.3)</td><td>10.7</td><td>(24.4)</td></tr><tr><td>(Decrease_ increase in accrued taxes</td><td>(24.4)</td><td>0.3</td><td>6.</td></tr><tr><td>Increase in accrued expenses and other liabilities</td><td>5.4</td><td>19.9</td><td>68.6</td></tr><tr><td>NET CASH PROVIDED BY OPERATING ACTIVITIES</td><td>600.3</td><td>650.5</td><td>429.2</td></tr><tr><td>INVESTING ACTIVITIES</td><td></td><td></td><td></td></tr><tr><td>Capital expenditures(a)</td><td>(165.0)</td><td>(149.3)</td><td>(128.5)</td></tr><tr><td>Proceeds from the disposition of assets</td><td>0.4</td><td>3.9</td><td>2.5</td></tr><tr><td>Proceeds from sale of product line</td><td>1.5</td><td></td><td></td></tr><tr><td>Proceeds from sale of discontinued operation</td><td></td><td></td><td>12.2</td></tr><tr><td>Cost of acquisitions, net of cash acquired</td><td>(124.6)</td><td>(239.7)</td><td>(652.8)</td></tr><tr><td>NET CASH USED IN INVESTING ACTIVITIES</td><td>(287.7)</td><td>(385.1)</td><td>(766.6</td></tr><tr><td>FINANCING ACTIVITIES</td><td></td><td></td><td></td></tr><tr><td>(Decrease) increase in short-term debt</td><td></td><td>(1.1)</td><td>0.8</td></tr><tr><td>Issuance of long-term debt</td><td>640.0</td><td>1,065.0</td><td>748.9</td></tr><tr><td>Repayment of long-term debt</td><td>(565.0)</td><td>(805.0)</td><td>(1,250.0)</td></tr><tr><td>Proceeds from the exercise of stock options</td><td>28.5</td><td>25.5</td><td>28.9</td></tr><tr><td>Excess tax benefit from the exercise of stock-based compensation</td><td></td><td></td><td>30.7</td></tr><tr><td>Employee withholding taxes paid related to stock-based compensation</td><td>(10.6</td><td>(10.1)</td><td>(18.1)</td></tr><tr><td>Deferred acquisition payments</td><td>(17.9</td><td></td><td></td></tr><tr><td>Dividends to stockholders</td><td>(110.3</td><td>(98.2)</td><td>(89.5)</td></tr><tr><td>Treasury stock purchases</td><td>(214.8)</td><td>(424.5)</td><td>(51.7)</td></tr><tr><td>Other_financing activities_net_</td><td></td><td>(2.0</td><td>(1.2)</td></tr><tr><td>NET CASH (USED IN) PROVIDED BY FINANCING ACTIVITIES</td><td>(250.1)</td><td>(250.4)</td><td>398.8</td></tr><tr><td>Effect of foreign exchange rate changes on cash</td><td>9.0</td><td>(2.0)</td><td>(14.8)</td></tr><tr><td>NET INCREASE (DECREASE) IN CASH AND CASH EQUIVALENTS</td><td>71.5</td><td>13.0</td><td>46.6</td></tr><tr><td>Cash and cash equivalents at beginning of year</td><td>251.5</td><td>238.5</td><td>191.9</td></tr><tr><td>Cash and cash equivalents at end of year</td><td>323.0</td><td>$ 251.5</td><td>238.5</td></tr><tr><td>Cash paid during the year for:</td><td></td><td></td><td></td></tr><tr><td>Interest</td><td>44.4</td><td>43.7</td><td>26.0</td></tr><tr><td>Income taxes paid directly to taxing authorities</td><td>169.7</td><td>172.1</td><td>102.2</td></tr><tr><td>Income taxes (received from) paid to Fortune Brands, Inc.</td><td></td><td>(0.6)</td><td>2.0</td></tr><tr><td>Dividends declared but not paid</td><td>30.4</td><td>27.6</td><td>25.6</td></tr><tr><td>(a) Canital exnenditures of $17 ? million</td><td>611 9 million and $20 0 million that have not been naid aS of December</td><td>20-</td><td>2016 and</td></tr></tbody></table>",173,normal,,D: 0.5-0.8
fintab_000216,medium,0.5,0.7963,4.843,"<table><thead><tr><th></th><th></th><th>NYSE</th></tr><tr><th></th><th colspan=""2""></th></tr><tr><th></th><th>High</th><th>Low</th></tr></thead><tbody><tr><td>2016</td><td></td><td></td></tr><tr><td>Fourth Quarter</td><td>S86.84</td><td>S67.53</td></tr><tr><td>Third Quarter</td><td>S75.72</td><td>S65.10</td></tr><tr><td>Second Quarter</td><td>S84.56</td><td>S64.95</td></tr><tr><td>First Quarter</td><td>S99.81</td><td>S64.21</td></tr><tr><td>2015</td><td></td><td></td></tr><tr><td>Fourth Quarter</td><td>S103.40</td><td>S87.08</td></tr><tr><td>Third Quarter</td><td>S97.60</td><td>S77.74</td></tr><tr><td>Second Quarter</td><td>S83.32</td><td>S65.91</td></tr><tr><td>First Quarter</td><td>S85.56</td><td>S72.79</td></tr></tbody></table>",30,nested_column,,D: 0.5-0.8
fintab_002208,medium,0.0391,0.4134,19.283,"<table><thead><tr><th></th><th>Asset derivatives Liability derivatives</th></tr></thead><tbody><tr><td></td><td>December 31, December 31,</td></tr><tr><td></td><td>2015 2014 2015 2014</td></tr><tr><td>Location</td><td>Fair value Fair value</td></tr><tr><td>Derivatives designated as</td><td></td></tr><tr><td>hedging contracts</td><td></td></tr><tr><td>Natural gas and crude derivative Fair value of derivative contracts/</td><td></td></tr><tr><td>contracts (Other current liabilities)</td><td>S 359 S 309 S (13) S (34)</td></tr><tr><td>Deferred charges and other assets/</td><td></td></tr><tr><td>(Other long-term liabilities and</td><td></td></tr><tr><td>deferred credits)</td><td>244</td></tr><tr><td>Subtotal</td><td>603 315 (13) (34)</td></tr><tr><td>Fair value of derivative contractsl</td><td></td></tr><tr><td>Interest rate swap agreements (Other current liabilities)</td><td>111 143</td></tr><tr><td>Deferred charges and other assets</td><td></td></tr><tr><td>(Other long-term liabilities and</td><td></td></tr><tr><td>deferred credits)</td><td>273 260 53)</td></tr><tr><td>Subtotal</td><td>384 403 53)</td></tr><tr><td>Fair value of derivative contracts/</td><td></td></tr><tr><td>Cross-currency swap agreements (Other current liabilities)</td><td></td></tr><tr><td>Deferred charges and other assets</td><td></td></tr><tr><td>(Other long-term liabilities and</td><td></td></tr><tr><td>deferred credits)</td><td>(46)</td></tr><tr><td>Subtotal</td><td>(52)</td></tr><tr><td>Total</td><td>987 718 (74) 87)</td></tr><tr><td>Derivatives not designated as</td><td></td></tr><tr><td>hedging contracts</td><td></td></tr><tr><td>Natural gas, crude, NGL and other Fair value of derivative contracts/</td><td></td></tr><tr><td>derivative contracts (Other current liabilities)</td><td>35 73 (2)</td></tr><tr><td>Deferred charges and other assets/</td><td></td></tr><tr><td>(Other long-term liabilities and</td><td></td></tr><tr><td>deferred credits)</td><td>196</td></tr><tr><td>Subtotal</td><td>35 269 @</td></tr><tr><td>Fair value of derivative contracts/</td><td></td></tr><tr><td>Interest rate swap agreements (Other current liabilities)</td><td>(11)</td></tr><tr><td>Deferred charges and other assetsr</td><td></td></tr><tr><td>(Other long-term liabilities and</td><td></td></tr><tr><td>deferred credits)</td><td></td></tr><tr><td>Subtotal</td><td>(16)</td></tr><tr><td>Fair value of derivative contracts/</td><td></td></tr><tr><td>Power derivative contracts (Other current liabilities)</td><td>10 (17) (57)</td></tr><tr><td>Deferred charges and other assets/</td><td></td></tr><tr><td>(Other long-term liabilities and</td><td></td></tr><tr><td>deferred credits)</td><td>(16)</td></tr><tr><td>Subtotal</td><td>10 (17) (73)</td></tr><tr><td>Total</td><td>37 279 (34) (75)</td></tr><tr><td>Total derivatives</td><td>S 1,024 S 997   $ (108) S (162)</td></tr></tbody></table>",67,normal,,B: <0.3
fintab_001386,medium,0.7234,0.8085,4.365,"<table><thead><tr><th></th><th>Year Ended December 31</th><th></th></tr></thead><tbody><tr><td></td><td>2018</td><td>2017</td></tr><tr><td></td><td>(Dollars in thousands)</td><td></td></tr><tr><td>Vascular access</td><td>575,327</td><td>540,234</td></tr><tr><td>Anesthesia</td><td>349,370</td><td>344,599</td></tr><tr><td>Interventional</td><td>395,423</td><td>324,681</td></tr><tr><td>Surgical</td><td>358,707</td><td>356,156</td></tr><tr><td>Interventional urology</td><td>196,735</td><td>38,957</td></tr><tr><td>OEM</td><td>205,976</td><td>182,967</td></tr><tr><td>Other (1)</td><td>366,845</td><td>358,709</td></tr><tr><td>Net revenues (2)3)</td><td>5 2,448,383 S</td><td>2,146,303</td></tr></tbody></table>",28,normal,,D: 0.5-0.8
fintab_001690,medium,0.75,0.9118,4.604,"<table><thead><tr><th></th><th></th><th>Year Ended December 31-</th><th></th></tr></thead><tbody><tr><td></td><td>2015</td><td>2014</td><td>2013</td></tr><tr><td>Aircraft fuel and related taxes</td><td>S1,230</td><td>S2,009</td><td>S1,120</td></tr><tr><td>Salaries, wages and benefits</td><td>1,187</td><td>1,140</td><td>692</td></tr><tr><td>Capacity purchases from third-party regional carriers 1)</td><td>1,591</td><td>1.475</td><td>269</td></tr><tr><td>Maintenance, materials and repairs</td><td>305</td><td>367</td><td>284</td></tr><tr><td>Other rent and landing fees</td><td>476</td><td>419</td><td>236</td></tr><tr><td>Aircraft rent</td><td></td><td>35</td><td></td></tr><tr><td>Selling expenses</td><td>333</td><td>307</td><td>154</td></tr><tr><td>Depreciation and amortization</td><td>243</td><td>217</td><td>168</td></tr><tr><td>Special items, net</td><td>29</td><td>24</td><td></td></tr><tr><td>Other</td><td>582</td><td>523</td><td>391</td></tr><tr><td>Total regional expenses</td><td>S5,983</td><td>S6.,516</td><td>S3,326</td></tr></tbody></table>",45,normal,,D: 0.5-0.8
fintab_001901,medium,0.4,0.55,2.268,"<table><thead><tr><th></th><th></th><th colspan=""4""></th><th></th></tr></thead><tbody><tr><td>(in millions)</td><td></td><td>2015</td><td></td><td>2014</td><td></td><td>2013</td></tr><tr><td>Domestic</td><td>S</td><td>626.4</td><td>S</td><td>366.6</td><td>S</td><td>179.4</td></tr><tr><td>Foreign</td><td></td><td>20.6</td><td></td><td>21.1</td><td></td><td>16.1</td></tr><tr><td>Total</td><td>S</td><td>647.0</td><td>S</td><td>387.7</td><td>S</td><td>195.5</td></tr></tbody></table>",23,normal,,C: 0.3-0.5
fintab_001947,medium,0.3889,0.6111,2.551,"<table><thead><tr><th></th><th></th><th colspan=""3""></th><th></th></tr></thead><tbody><tr><td>(in millions)</td><td></td><td>2017</td><td>2016</td><td></td><td>2015</td></tr><tr><td>Foreign currency translation</td><td>S</td><td>(96.1)</td><td>S(139.6)</td><td>$</td><td>(61.1)</td></tr><tr><td>Unrealized gain from hedge accounting</td><td></td><td>0.2</td><td></td><td></td><td></td></tr><tr><td>Accumulated other comprehensive loss</td><td>S</td><td>(95.9)</td><td>S(139.6)</td><td>$</td><td>(61.1)</td></tr></tbody></table>",19,normal,,C: 0.3-0.5
fintab_002238,extreme,0.0943,0.2264,3.538,"<table><thead><tr><th></th><th></th><th></th><th>Approx:</th></tr><tr><th></th><th></th><th></th><th>Capital</th></tr><tr><th>Asset or project</th><th>Description</th><th>Activity</th><th>Scope</th></tr></thead><tbody><tr><td>Kinder Morgan Canada</td><td></td><td></td><td></td></tr><tr><td>TMEP(b)</td><td>An increase of capacity on our Trans Mountain pipeline</td><td>Received federal</td><td>CS7.4</td></tr><tr><td></td><td>system from approximately 300 to 890 MBblld,</td><td>government approval in</td><td>billion</td></tr><tr><td></td><td>underpinned by long-term take-Or-pay contracts.</td><td>December 2016. In the</td><td></td></tr><tr><td></td><td></td><td>process of getting permits</td><td></td></tr><tr><td></td><td></td><td>and other regulatory</td><td></td></tr><tr><td></td><td></td><td>approval:</td><td></td></tr></tbody></table>",19,nested_column,,B: <0.3
fintab_000608,medium,0.5676,0.7568,2.73,"<table><thead><tr><th></th><th colspan=""2""></th><th></th><th></th></tr></thead><tbody><tr><td></td><td colspan=""2""></td><td></td><td></td></tr><tr><td>(in millions)</td><td>2015</td><td>2014</td><td>Variance</td><td>%</td></tr><tr><td>Cost of sales</td><td>S 9,365</td><td>S 10,436</td><td>S (1,071)</td><td>(10.3)%</td></tr><tr><td>Marketing, administration and research costs</td><td>6,656</td><td>7,001</td><td>(345)</td><td>(4.9)%</td></tr><tr><td>Operating income</td><td>10,623</td><td>11,702</td><td>(1,079)</td><td>9.2)%</td></tr></tbody></table>",22,normal,,D: 0.5-0.8
fintab_001059,extreme,0.5682,0.75,3.66,"<table><thead><tr><th></th><th></th><th colspan=""2"">Fiscal Year Ended December 29, 2007</th><th></th></tr></thead><tbody><tr><td></td><td></td><td>Quarter Ending</td><td></td><td></td></tr><tr><td></td><td>March 31</td><td>June 30</td><td>September 29</td><td>December 29</td></tr><tr><td>Net sales</td><td>S492,159</td><td>S742,466</td><td>S728,673</td><td>S1,217,021</td></tr><tr><td>Gross profit</td><td>237,752</td><td>374,667</td><td>341,851</td><td>508,985</td></tr><tr><td>Net income</td><td>139,860</td><td>214,377</td><td>193,507</td><td>307,267</td></tr><tr><td>Basic net income per share</td><td>S0.65</td><td>S0.99</td><td>S0.89</td><td>S1.42</td></tr></tbody></table>",26,normal,,D: 0.5-0.8
fintab_001797,medium,0.1262,0.165,7.444,"<table><thead><tr><th></th><th></th><th></th><th>April 2016 Credit</th><th>December 2016</th></tr></thead><tbody><tr><td></td><td>2013 Credit Facilities</td><td>2014 Credit Facilities</td><td>Facilities</td><td>Credit Facilities</td></tr><tr><td>Frequency of Appraisals</td><td>Annual</td><td>Annual</td><td>Annual</td><td>Annual</td></tr><tr><td>of Appraised Collateral</td><td></td><td></td><td></td><td></td></tr><tr><td></td><td>1.6x Collateral</td><td>1,6x Collateral valuation</td><td>1,6x Collateral valuation</td><td>1.6x Collateral valuation</td></tr><tr><td>LTV Requirement</td><td>valuation to amount of</td><td>to amount of debt</td><td>to amount of debt</td><td>to amount of debt</td></tr><tr><td></td><td>debt outstanding (62.5%</td><td colspan=""3""></td></tr><tr><td></td><td>LTV)</td><td></td><td></td><td></td></tr><tr><td>LTV as of Last Measurement Date</td><td>31.5%</td><td>23.2%</td><td>47.7%</td><td>61.8%</td></tr><tr><td></td><td>Generally , certain slots ,</td><td>Generally , certain slots ,</td><td></td><td>Generally , certain</td></tr><tr><td></td><td>route authorities, and</td><td>route authorities and</td><td></td><td>Ronald Reagan</td></tr><tr><td></td><td>airport gate leasehold</td><td>airport gate leasehold</td><td></td><td>Washington National</td></tr><tr><td>Collateral Description</td><td>rights used by American</td><td>rights used by American</td><td>Certain spare parts</td><td>Airport (DCA) slots ,</td></tr><tr><td></td><td>to operate all services</td><td>to operate certain</td><td></td><td>certain La Guardia</td></tr><tr><td></td><td>between the U.S. and</td><td>services between the</td><td></td><td>Airport (LGA) slots , and</td></tr><tr><td></td><td>South America</td><td>U.S_ and London</td><td></td><td>certain simulators</td></tr><tr><td></td><td></td><td>Heathrow</td><td></td><td></td></tr></tbody></table>",53,normal,,B: <0.3
fintab_001909,extreme,0.7366,0.9504,23.194,"<table><thead><tr><th></th><th></th><th></th><th>Years Ended December 31_</th><th></th><th></th></tr></thead><tbody><tr><td>(dollars and shares in millions, except per share amounts)</td><td>2015 (5)</td><td>2014</td><td>2013</td><td>2012</td><td>2011</td></tr><tr><td>Statement of Operations Data:</td><td></td><td></td><td></td><td></td><td></td></tr><tr><td>Net sales</td><td>$ 12,988.7</td><td>$ 12,074.5</td><td>S 10,768.6</td><td>$ 10,128.2</td><td>S 9,602.4</td></tr><tr><td>Cost of sales</td><td>10,872.9</td><td>10,153.2</td><td>9,008.3</td><td>8,458.6</td><td>8,018.9</td></tr><tr><td>Gross profit</td><td>2,115.8</td><td>1,921.3</td><td>1,760.3</td><td>1,669.6</td><td>1,583.5</td></tr><tr><td>Selling and administrative expenses</td><td>1,226.0</td><td>1,110.3</td><td>1,120.9</td><td>1,029.5</td><td>990.1</td></tr><tr><td>Advertising expense</td><td>147.8</td><td>138.0</td><td>130.8</td><td>129.5</td><td>122.7</td></tr><tr><td>Income from operations</td><td>742.0</td><td>673.0</td><td>508.6</td><td>510.6</td><td>470.7</td></tr><tr><td>Interest expense, net</td><td>(159.5)</td><td>(197.3)</td><td>(250.1)</td><td>(307.4)</td><td>(324.2)</td></tr><tr><td>Net loss on extinguishments of long-term debt</td><td>(24.3)</td><td>(90.7)</td><td>(64.0)</td><td>(17.2)</td><td>(118.9)</td></tr><tr><td>Gain on remeasurement of equity investment</td><td>98.1</td><td></td><td></td><td></td><td></td></tr><tr><td>Other income (expense) , net</td><td>(9.3)</td><td>2.7</td><td>1.0</td><td>0.1</td><td>0.7</td></tr><tr><td>Income before income taxes</td><td>647.0</td><td>387.7</td><td>195.5</td><td>186.1</td><td>28.3</td></tr><tr><td>Income tax expense</td><td>(243.9)</td><td>(142.8,</td><td>(62.7)</td><td>(67.1)</td><td>(11.2)</td></tr><tr><td>Net income</td><td>S 403.1</td><td>S 244.9</td><td>S 132.8</td><td>S 119.0</td><td>S 17.1</td></tr><tr><td>Net income per common share:</td><td></td><td></td><td></td><td></td><td></td></tr><tr><td>Basic</td><td>S 2.37</td><td>1.44</td><td>0.85</td><td>S 0.82</td><td>S 0.12</td></tr><tr><td>Diluted</td><td>S 2.35</td><td>S 1.42</td><td>S 0.84</td><td>S 0.82</td><td>S 0.12</td></tr><tr><td>Cash dividends declared per common share</td><td>S 0.3100</td><td>S 0.1950</td><td>S 0.0425</td><td>S</td><td>S</td></tr><tr><td>Balance Sheet Data (at period end):</td><td></td><td></td><td></td><td></td><td></td></tr><tr><td>Cash and cash equivalents</td><td>S 37.6</td><td>S 344.5</td><td>188.1</td><td>S 37.9</td><td>S 99.9</td></tr><tr><td>Working capital</td><td>903.5</td><td>985.4</td><td>810.9</td><td>666.5</td><td>538.1</td></tr><tr><td>Total assets</td><td>6,755.3</td><td>6,075.9</td><td>5,899.3</td><td>5,673.5</td><td>5,907.9</td></tr><tr><td>Total debt and capitalized lease obligations (2)</td><td>3,262.9</td><td>3,166.1</td><td>3,226.0</td><td>3,724.5</td><td>4,006.2</td></tr><tr><td>Total stockholders' equity (deficit)</td><td>1,095.9</td><td>936.5</td><td>711.7</td><td>136.5</td><td>(7.3)</td></tr><tr><td>Other Financial Data:</td><td></td><td></td><td></td><td></td><td></td></tr><tr><td>Capital expenditures</td><td>S 90.1</td><td>S 55.0</td><td>S 47.1</td><td>S 41.4</td><td>S 45.7</td></tr><tr><td>Gross profit as a percentage of net sales</td><td>16.3%</td><td>15.9%/</td><td>16.3%</td><td>16.5%</td><td>16.5%</td></tr><tr><td>EBITDA</td><td>S 1,033.9</td><td>S 792.9</td><td>S 653.8</td><td>S 703.7</td><td>S 557.4</td></tr><tr><td>Adjusted EBITDA 3)</td><td>1,018.5</td><td>907.0</td><td>808.5</td><td>766.6</td><td>717.3</td></tr><tr><td>Non-GAAP net income</td><td>503.5</td><td>409.9</td><td>314.3</td><td>247.1</td><td>198.8</td></tr><tr><td>Statement of Cash Flows Data:</td><td></td><td></td><td></td><td></td><td></td></tr><tr><td>Net cash provided by (used in):</td><td></td><td></td><td></td><td></td><td></td></tr><tr><td>Operating activities</td><td>S 277.</td><td>S 435.0</td><td>S 366.3</td><td>S 317.4</td><td>S 214.7</td></tr><tr><td>Investing activities</td><td>(354.4)</td><td>(164.8)</td><td>(47.1)</td><td>(41.7)</td><td>(56.0)</td></tr><tr><td>Financing activities</td><td>(226.5)</td><td>(112.0)</td><td>(168.3)</td><td>(338.0)</td><td>(95.4)</td></tr></tbody></table>",183,normal,,D: 0.5-0.8
fintab_001073,medium,0.2727,0.4909,3.855,"<table><thead><tr><th></th><th></th><th></th><th colspan=""2""></th><th></th><th></th></tr></thead><tbody><tr><td></td><td></td><td>December 29,</td><td colspan=""2""></td><td colspan=""2"">December</td></tr><tr><td></td><td></td><td>2018</td><td></td><td>2017</td><td></td><td>2016</td></tr><tr><td>Balance</td><td>beginning of period</td><td>36,827</td><td>S</td><td>37,233</td><td>S</td><td>30,449</td></tr><tr><td colspan=""2""></td><td>59,374</td><td></td><td>56,360</td><td></td><td>61,578</td></tr><tr><td>Expenditures</td><td></td><td>(57,925)</td><td></td><td>(56,766)</td><td></td><td>(54,794)</td></tr><tr><td>Balance</td><td>end of period</td><td>S 38,276</td><td>S</td><td>36,827</td><td></td><td>37,233</td></tr></tbody></table>",29,normal,,B: <0.3
fintab_001749,extreme,0.4218,0.6109,16.717,"<table><thead><tr><th></th><th></th><th></th><th colspan=""3""></th><th></th><th></th></tr></thead><tbody><tr><td></td><td></td><td></td><td></td><td></td><td></td><td>2024 and</td><td></td></tr><tr><td></td><td>2019</td><td>2020</td><td>2021</td><td>2022</td><td>2023</td><td>Thereafter</td><td>Total</td></tr><tr><td>American (a)</td><td></td><td></td><td></td><td></td><td></td><td></td><td></td></tr><tr><td>Long-term debt:</td><td></td><td></td><td></td><td></td><td></td><td></td><td></td></tr><tr><td>Principal amount (b). (d) (See Note 3)</td><td colspan=""5""></td><td>$ 9,754</td><td>S22,722</td></tr><tr><td>Interest obligations (c), (d)</td><td>939</td><td>837</td><td>731</td><td>598</td><td>511</td><td>1,121</td><td>4,737</td></tr><tr><td>Finance lease obligations (See Note 4)</td><td>124</td><td>120</td><td>118</td><td>122</td><td>105</td><td>282</td><td>871</td></tr><tr><td>Aircraft and engine purchase</td><td></td><td></td><td></td><td></td><td></td><td></td><td></td></tr><tr><td>commitments (e) (See Note 10(a))</td><td>2,906</td><td>1,683</td><td>994</td><td>1,378</td><td>1,450</td><td>6,047</td><td>14,458</td></tr><tr><td>Operating lease commitments</td><td></td><td></td><td></td><td></td><td></td><td></td><td></td></tr><tr><td>(See Note 4)</td><td>1,894</td><td>1,824</td><td>1,625</td><td>1,428</td><td>1,250</td><td>3,611</td><td>11,632</td></tr><tr><td>Regional capacity purchase</td><td></td><td></td><td></td><td></td><td></td><td></td><td></td></tr><tr><td>agreements (9) (See Note 10(b))</td><td>1,101</td><td>930</td><td>765</td><td>618</td><td>487</td><td>1,043</td><td>4,944</td></tr><tr><td>Minimum pension obligations (h)</td><td></td><td></td><td></td><td></td><td></td><td></td><td></td></tr><tr><td>(See Note 8)</td><td>801</td><td>625</td><td>671</td><td>939</td><td>909</td><td>1,263</td><td>5,208</td></tr><tr><td>Retiree medical and other postretirement</td><td></td><td></td><td></td><td></td><td></td><td></td><td></td></tr><tr><td>benefits (See Note 8)</td><td>23</td><td>17</td><td>17</td><td>17</td><td>23</td><td>280</td><td>377</td></tr><tr><td>Other purchase obligations</td><td></td><td></td><td></td><td></td><td></td><td></td><td></td></tr><tr><td>(See Note 1O(a))</td><td>1,873</td><td>1,068</td><td>1,009</td><td>32</td><td>7</td><td>92</td><td>4,081</td></tr><tr><td>Total American Contractual</td><td></td><td></td><td></td><td></td><td></td><td></td><td></td></tr><tr><td>Obligations</td><td colspan=""7""></td></tr><tr><td>AAG Parent and Other AAG</td><td></td><td></td><td></td><td></td><td></td><td></td><td></td></tr><tr><td>Subsidiaries (a)</td><td></td><td></td><td></td><td></td><td></td><td></td><td></td></tr><tr><td>Long-term debt:</td><td></td><td></td><td></td><td></td><td></td><td></td><td></td></tr><tr><td>Principal amount (b) (See Note 5)</td><td>$ 750 $</td><td>505 $</td><td>2 $</td><td>2 $</td><td>2 $</td><td>18</td><td>$ 1,279</td></tr><tr><td>Interest obligations (c)</td><td>67</td><td>14</td><td>2</td><td>2</td><td>1</td><td>4</td><td>90</td></tr><tr><td>Minimum pension obligations (h}</td><td></td><td></td><td></td><td></td><td></td><td></td><td></td></tr><tr><td>(See Note 10)</td><td>6</td><td>4</td><td>5</td><td>5</td><td>5</td><td>13</td><td>38</td></tr><tr><td>Operating lease commitments</td><td></td><td></td><td></td><td></td><td></td><td></td><td></td></tr><tr><td>(See Note 6)</td><td>18</td><td>14</td><td>11</td><td>10</td><td>5</td><td>9</td><td>67</td></tr><tr><td>Total AAG Contractual Obligations</td><td colspan=""5""></td><td>S23,537</td><td>S70,504</td></tr></tbody></table>",129,normal,,C: 0.3-0.5
fintab_002570,medium,0.7308,0.8462,5.132,"<table><thead><tr><th></th><th colspan=""2""></th><th></th></tr></thead><tbody><tr><td></td><td>2007</td><td>2006</td><td>2005</td></tr><tr><td></td><td></td><td>In thousands)</td><td></td></tr><tr><td>Minimum rents</td><td></td><td></td><td></td></tr><tr><td>Retail and commercial</td><td>S347,938</td><td>S311,631</td><td>S285,764</td></tr><tr><td>Residential</td><td>15,312</td><td>12,805</td><td>7,407</td></tr><tr><td>Cost reimbursement</td><td>91,482</td><td>77,659</td><td>71,599</td></tr><tr><td>Percentage rent</td><td>7,884</td><td>6,921</td><td>5,879</td></tr><tr><td>Other</td><td>5,882</td><td>5,963</td><td>5,278</td></tr><tr><td></td><td>S468,498</td><td>S414,979</td><td>S375,927</td></tr></tbody></table>",29,normal,,D: 0.5-0.8
fintab_002219,extreme,0.2872,0.4103,14.864,"<table><thead><tr><th></th><th></th><th></th><th>Design</th><th></th></tr><tr><th></th><th></th><th></th><th>(Bcfld)</th><th></th></tr><tr><th></th><th></th><th>Miles</th><th>[Storage</th><th></th></tr></thead><tbody><tr><td></td><td>Ownership</td><td>of</td><td>(Bcf)]</td><td></td></tr><tr><td></td><td>Interest %</td><td>Pipeline</td><td>Capacity</td><td>Supply and Market Region</td></tr><tr><td>Natural Gas Pipelines</td><td></td><td></td><td></td><td></td></tr><tr><td>TGP</td><td>100</td><td>11,800</td><td>9.74</td><td>South Texas and Gulf of Mexico to northeast and southeast U.S;;</td></tr><tr><td></td><td></td><td></td><td>[99]</td><td>Haynesville, Marcellus, Utica, and Eagle Ford shale formations</td></tr><tr><td>EPNG/Mojave</td><td>100</td><td>10,700</td><td>5.65</td><td>Northern New Mexico, Texas, Oklahoma, to California, connects</td></tr><tr><td>pipeline system</td><td></td><td></td><td>[44]</td><td>to San Juan, Permian, and Anadarko basins</td></tr><tr><td>NGPL</td><td>50</td><td>9,100</td><td>6.20</td><td>Chicago and other Midwest markets and all central U.S. supply</td></tr><tr><td></td><td></td><td></td><td>[288] basins</td><td></td></tr><tr><td>SNG</td><td>100</td><td>6,900</td><td>3.90</td><td>Louisiana, Mississippi, Alabama, Florida, Georgia, South_</td></tr><tr><td></td><td></td><td></td><td>[68]</td><td>Carolina and Tennessee; basins in Texas, Louisiana, Mississippi</td></tr><tr><td></td><td></td><td></td><td>and Alabama</td><td></td></tr><tr><td>Florida Gas</td><td>50</td><td>5,300</td><td>3.60</td><td>Texas to Florida; basins along Louisiana and Texas Gulf Coast;</td></tr><tr><td>Transmission</td><td></td><td></td><td>Mobile Bay</td><td>and offshore Gulf of Mexico</td></tr><tr><td>(Citrus)</td><td></td><td></td><td></td><td></td></tr><tr><td>CIG</td><td>100</td><td>4,300</td><td>5.15</td><td>Colorado and Wyoming; Rocky Mountains and the Anadarko</td></tr><tr><td></td><td></td><td></td><td>[43] Basin</td><td></td></tr><tr><td>WIC</td><td>100</td><td>850</td><td>3.88</td><td>Wyoming: Colorado, and Utah; Overthrust, Piceance, Uinta,</td></tr><tr><td></td><td></td><td></td><td></td><td>Powder River and Green River Basins</td></tr><tr><td>Ruby pipeline</td><td>50</td><td>680</td><td>1.53</td><td>Wyoming to Oregon; Rocky Mountain basins</td></tr><tr><td>MEP</td><td>50</td><td>510</td><td>1.80</td><td>Oklahoma and north Texas supply basins to interconnects with</td></tr><tr><td></td><td></td><td></td><td></td><td>deliveries to interconnects with Transco, Columbia Gulf and</td></tr><tr><td></td><td></td><td></td><td>various other</td><td>pipelines</td></tr><tr><td>CPG</td><td>100</td><td>410</td><td>1.20</td><td>Colorado and Kansas, natural gas basins in the Central Rocky</td></tr><tr><td></td><td></td><td></td><td>Mountain area</td><td></td></tr><tr><td>TransColorado</td><td>100</td><td>310</td><td>0.98 Colorado and</td><td>New Mexico; connects to San Juan, Paradox and</td></tr><tr><td>Gas</td><td></td><td></td><td>Piceance basins</td><td></td></tr><tr><td>WYCO</td><td>50</td><td>224</td><td>1.20</td><td>Northeast Colorado; interconnects with CIG, WIC, Rockies</td></tr><tr><td></td><td></td><td></td><td>[7]</td><td>Express Pipeline, Young Gas Storage and PSCo'$ pipeline system</td></tr></tbody></table>",95,nested_column,,B: <0.3
fintab_001523,medium,0.4468,0.6596,2.682,"<table><thead><tr><th></th><th></th><th></th><th></th><th>Year Ended December 31.</th><th></th></tr></thead><tbody><tr><td></td><td></td><td></td><td>2014</td><td>2013</td><td>2012</td></tr><tr><td>Other revenue</td><td colspan=""2""></td><td></td><td>S   (31)</td><td></td></tr><tr><td colspan=""2"">Regional operating</td><td>special items, net</td><td>24</td><td></td><td></td></tr><tr><td>Nonoperating</td><td>special</td><td>items, net (2)</td><td>132</td><td>211</td><td>(280)</td></tr><tr><td colspan=""3""></td><td></td><td>2,655</td><td>2,208</td></tr><tr><td>Income tax</td><td colspan=""2"">special items, net (4)</td><td>346</td><td>(324)</td><td>(569)</td></tr></tbody></table>",24,normal,,C: 0.3-0.5
fintab_001453,extreme,0.1463,0.3415,9.152,"<table><thead><tr><th>Electricall</th><th></th></tr><tr><th>Electronic</th><th>Powertrain Electronics Thermal Eliminations</th></tr><tr><th>Architecture</th><th>Systems and Safety Systems and Other Total</th></tr></thead><tbody><tr><td></td><td>(in millions)</td></tr><tr><td>For the Year Ended December 31, 2014:</td><td></td></tr><tr><td>Adjusted operating income S 1,080 $</td><td>533 S 352 S 53 $ S 2,018</td></tr><tr><td>Restructuring (56)</td><td>(55) (28) (5) (144)</td></tr><tr><td>Other acquisition portfolio project</td><td></td></tr><tr><td>costs (14)</td><td>(3) (20)</td></tr><tr><td>Asset impairments (2)</td><td></td></tr><tr><td>Operating income S 1,008 $</td><td>474 S 318 S 47 $ 1,847</td></tr><tr><td>Interest expense _</td><td>(135)</td></tr><tr><td>Other expense, net_</td><td></td></tr><tr><td>Income before income taxes and equity</td><td></td></tr><tr><td>income</td><td>1,705</td></tr><tr><td>Income tax expense</td><td>(282)</td></tr><tr><td>Equity income, net of tax</td><td>17</td></tr><tr><td>Net income</td><td>1,440</td></tr><tr><td>Net income attributable to noncontrolling</td><td></td></tr><tr><td>interest_</td><td>89</td></tr><tr><td>Net income attributable to Delphi_</td><td>S 1,351</td></tr></tbody></table>",34,nested_column,,B: <0.3
fintab_002105,medium,0.7041,0.7653,6.559,"<table><thead><tr><th></th><th>2015</th><th></th><th>2014</th><th></th></tr></thead><tbody><tr><td></td><td>Basel III</td><td></td><td></td><td></td></tr><tr><td></td><td colspan=""2"">Transitionale)</td><td>Basel Io)</td><td></td></tr><tr><td>S in millions)</td><td>Amount</td><td>Ratio</td><td>Amount</td><td>Ratio</td></tr><tr><td>CETI capital (t0 risk-weighted assets):</td><td></td><td></td><td></td><td></td></tr><tr><td>Fifth Third Bancorp</td><td>11,917</td><td>9.82 %</td><td>N/A</td><td>N/A</td></tr><tr><td>Fifth Third Bank</td><td>14,216</td><td>11.92</td><td>N/A</td><td>N/A</td></tr><tr><td>Tier [ risk-based capital (to risk-weighted assets):</td><td></td><td></td><td></td><td></td></tr><tr><td>Fifth Third Bancorp</td><td>13,260</td><td>10.93</td><td>12,764</td><td>10.83 %</td></tr><tr><td>Fifth Third Bank</td><td>14,216</td><td>11.92</td><td>13,760</td><td>11.85</td></tr><tr><td>Total risk-based capital (to risk-weighted assets):</td><td></td><td></td><td></td><td></td></tr><tr><td>Fifth Third Bancorp</td><td>17,134</td><td>14.13</td><td>16,895</td><td>14.33</td></tr><tr><td>Fifth Third Bank</td><td>15,642</td><td>13.12</td><td>15,213</td><td>13.10</td></tr><tr><td>Tier [ leverage (t0 average assets):</td><td></td><td></td><td></td><td></td></tr><tr><td>Fifth Third Bancorp</td><td>13,260</td><td>9.54</td><td>12,764</td><td>9.66</td></tr><tr><td>Fifth Third Bank</td><td>14,216</td><td>10.43</td><td>13,760</td><td>10.58</td></tr></tbody></table>",54,normal,,D: 0.5-0.8
fintab_001663,medium,0.5111,0.7333,2.933,"<table><thead><tr><th></th><th>AAG</th><th></th><th>American</th><th></th></tr></thead><tbody><tr><td></td><td>December 31._</td><td></td><td>December 31.</td><td></td></tr><tr><td></td><td>2015</td><td>2014</td><td>2015</td><td>2014</td></tr><tr><td>Cash</td><td>390</td><td>994</td><td>364</td><td>984</td></tr><tr><td>Short-term investments</td><td>5.864</td><td>6,309</td><td>5,862</td><td>6,306</td></tr><tr><td>Restricted cash and short-term investments (1)</td><td>695</td><td>774</td><td>695</td><td>774</td></tr><tr><td>Total cash, short-term investments and restricted cash and short-term investments</td><td>S6,949</td><td>S8,077</td><td>S6,921</td><td>S8,064</td></tr></tbody></table>",28,normal,,D: 0.5-0.8
fintab_001587,medium,0.8313,0.9398,7.305,"<table><thead><tr><th></th><th>December 31.</th><th></th></tr></thead><tbody><tr><td></td><td>2014</td><td>2013</td></tr><tr><td>Deferred tax assets:</td><td></td><td></td></tr><tr><td>Postretirement benefits other than pensions</td><td>S 322</td><td>S 342</td></tr><tr><td>Rent expense</td><td>86</td><td>55</td></tr><tr><td>Alternative minimum tax credit canryforwards</td><td>438</td><td>467</td></tr><tr><td>Operating loss carryforwards</td><td>3,536</td><td>3,302</td></tr><tr><td>Pensions</td><td>2,385</td><td>1,747</td></tr><tr><td>Frequent flyer obligation</td><td>589</td><td>620</td></tr><tr><td>Gains from lease transactions</td><td>22</td><td>24</td></tr><tr><td>Reorganization items</td><td>64</td><td>675</td></tr><tr><td>Other</td><td>829</td><td>975</td></tr><tr><td>Total deferred tax assets</td><td>8,271</td><td>8,207</td></tr><tr><td>Valuation allowance</td><td>(5.308)</td><td>(5,232)</td></tr><tr><td>Net deferred tax assets</td><td>2,963</td><td>2,968</td></tr><tr><td>Deferred tax liabilities:</td><td></td><td></td></tr><tr><td>Accelerated depreciation and amortization</td><td>(2,953</td><td>(2,932)</td></tr><tr><td>Other</td><td>(238)</td><td>(250)</td></tr><tr><td>Total deferred tax liabilities</td><td>(3,191)</td><td>(3,182,</td></tr><tr><td>Net deferred tax liability</td><td>(228)</td><td>(214)</td></tr></tbody></table>",53,normal,,E: >=0.8
fintab_000224,medium,0.5848,0.8129,10.757,"<table><thead><tr><th></th><th></th><th></th><th>Non-U.S</th><th></th><th>Other Postretirement</th><th></th></tr><tr><th></th><th>U.S. Pension Benefits</th><th></th><th>Pension Benefits</th><th></th><th>Benefits</th><th></th></tr></thead><tbody><tr><td>(Millions of dollars)</td><td>2017</td><td>2016</td><td>2017</td><td>2016</td><td>2017</td><td>2016</td></tr><tr><td>Change in benefit obligation:</td><td></td><td></td><td></td><td></td><td></td><td></td></tr><tr><td>Benefit obligation, beginning of year _</td><td>S 16,218</td><td>15,792 $</td><td>4,472</td><td>4,355 $</td><td>4,088</td><td>4,313</td></tr><tr><td>Service cost</td><td>115</td><td>119</td><td>95</td><td>92</td><td>78</td><td>82</td></tr><tr><td>Interest cost</td><td>525</td><td>517</td><td>101</td><td>117</td><td>130</td><td>131</td></tr><tr><td>Plan amendments</td><td></td><td></td><td>(1)</td><td>(5)</td><td>(79)</td><td>(188)</td></tr><tr><td>Actuarial losses (gains) _</td><td>1,439</td><td>767</td><td>(75)</td><td>512</td><td>71</td><td>60</td></tr><tr><td>Foreign currency exchange rates</td><td></td><td></td><td>312</td><td>(369)</td><td>4</td><td>14</td></tr><tr><td>Participant contributions</td><td></td><td></td><td>6</td><td></td><td>59</td><td>57</td></tr><tr><td>Benefits paid gross</td><td>(977)</td><td>(970)</td><td>(203)</td><td>(238)</td><td>(361)</td><td>(388)</td></tr><tr><td>Less: federal subsidy on benefits paid.</td><td></td><td></td><td></td><td></td><td>10</td><td>11</td></tr><tr><td>Curtailments, settlements and termination</td><td></td><td></td><td></td><td></td><td></td><td></td></tr><tr><td>benefits</td><td></td><td></td><td>(101)</td><td></td><td>2</td><td></td></tr><tr><td>Benefit obligation, end of year</td><td>S 17,326</td><td>16,218 S</td><td>4,606</td><td>4,472 $</td><td>4,002 S</td><td>4,088</td></tr><tr><td>Accumulated benefit obligation, end of year _</td><td>S 17,175 S</td><td>16,034 S</td><td>4,335</td><td>4,163</td><td></td><td></td></tr><tr><td>Weighted-average assumptions used to</td><td></td><td></td><td></td><td></td><td></td><td></td></tr><tr><td>determine benefit obligation:</td><td></td><td></td><td></td><td></td><td></td><td></td></tr><tr><td>Discount rate</td><td>3.5%</td><td>4.0%</td><td>2.4%</td><td>2.5%</td><td>3.6%</td><td>4.0%</td></tr><tr><td>Rate of compensation increase</td><td>4.0%</td><td>4.0%</td><td>4.0%</td><td>4.0%</td><td>4.6%</td><td>4.0%</td></tr></tbody></table>",97,nested_column,,D: 0.5-0.8
fintab_001814,medium,0.5357,0.6429,2.149,<table><thead><tr><th></th><th></th><th>2016-1 EETCs</th><th></th></tr></thead><tbody><tr><td></td><td>Series AA</td><td>Series A</td><td>Series B</td></tr><tr><td>Aggregate principal issued</td><td>S584 million</td><td>S262 million</td><td>S228 million</td></tr><tr><td>Fixed interest rate per annum</td><td>3.575%</td><td>4.10%</td><td>5.25%</td></tr><tr><td>Maturity date</td><td>January 2028</td><td>January 2028</td><td>January 2024</td></tr></tbody></table>,16,normal,,D: 0.5-0.8
fintab_001095,medium,0.4681,0.6596,5.142,"<table><thead><tr><th></th><th colspan=""2"">Stock Options as of December_25,2004</th><th></th></tr></thead><tbody><tr><td>Exercise</td><td>Options</td><td>Remaining</td><td>Options</td></tr><tr><td>Price</td><td>Outstanding</td><td>Life (Years)</td><td>Exercisable</td></tr><tr><td></td><td>(In Thousands)</td><td></td><td>(In Thousands)</td></tr><tr><td>S14-524</td><td>1,049</td><td>6.25</td><td>683</td></tr><tr><td>S25-834</td><td>425</td><td>8.05</td><td>67</td></tr><tr><td>S35-S44</td><td>692</td><td>9.74</td><td>1</td></tr><tr><td>S45-S55</td><td>560</td><td>8.98</td><td>110</td></tr><tr><td></td><td>2,725</td><td>7.98</td><td>860</td></tr></tbody></table>",30,normal,,C: 0.3-0.5
fintab_001300,medium,0.8209,0.8955,7.491,"<table><thead><tr><th></th><th>2014</th><th>2013</th></tr></thead><tbody><tr><td></td><td>(Dollars in thousands)</td><td></td></tr><tr><td>Deferred tax assets:</td><td></td><td></td></tr><tr><td>Tax loss and credit carryforwards</td><td>$ 112,796 S</td><td>104,043</td></tr><tr><td>Pension</td><td>63,669</td><td>39,310</td></tr><tr><td>Reserves and accruals</td><td>42,296</td><td>38,684</td></tr><tr><td>Other</td><td>28,416</td><td>27,886</td></tr><tr><td>Less: valuation allowances</td><td>(99,141)</td><td>(86,510)</td></tr><tr><td>Total deferred tax assets</td><td>148,036</td><td>123,413</td></tr><tr><td>Deferred tax liabilities:</td><td></td><td></td></tr><tr><td>Property, plant and equipment</td><td>31,143</td><td>26,550</td></tr><tr><td>Intangibles stock acquisitions</td><td>384,734</td><td>400,297</td></tr><tr><td>Unremitted foreign earnings</td><td>116,595</td><td>147,326</td></tr><tr><td>Other</td><td>10,756</td><td>12,030</td></tr><tr><td>Total deferred tax liabilities</td><td>543,228</td><td>586,203</td></tr><tr><td>Net deferred tax liability</td><td>S (395,192) S</td><td>(462,790)</td></tr></tbody></table>",41,normal,,E: >=0.8
fintab_002286,medium,0.6458,0.875,4.842,"<table><thead><tr><th></th><th></th><th>As of December 31,</th><th></th></tr></thead><tbody><tr><td></td><td>2010</td><td>2009</td><td>2008</td></tr><tr><td>Consolidated Companies(a)</td><td></td><td></td><td></td></tr><tr><td>Future cash inflows from production:</td><td>6,665.8 S</td><td>4,898.0 $</td><td>3,498.0</td></tr><tr><td>Future production costs</td><td>(2,387.9)</td><td>(1,951.5)</td><td>(1,671.6)</td></tr><tr><td>Future development costs(b)</td><td>(1,433.7)</td><td>(1,179.7)</td><td>(910.3</td></tr><tr><td>Undiscounted future net cash flows</td><td>2,844.2</td><td>1,766.8</td><td>916.1</td></tr><tr><td>10% annual discount _</td><td>(946.6</td><td>(503.5)</td><td>(257.7)</td></tr><tr><td>Standardized measure of discounted future net cash flows .</td><td>$ 1,897.6</td><td>1,263.3 S</td><td>658.4</td></tr></tbody></table>",29,normal,,D: 0.5-0.8
fintab_002267,medium,0.7308,0.8791,16.993,"<table><thead><tr><th></th><th colspan=""2""></th><th></th></tr></thead><tbody><tr><td></td><td>2010</td><td>2009</td><td>2008</td></tr><tr><td></td><td></td><td>(In millions)</td><td></td></tr><tr><td>Kinder Morgan, Inc.</td><td></td><td></td><td></td></tr><tr><td>Net income (loss).</td><td>(41.3)</td><td>495.0</td><td>(3.5993)</td></tr><tr><td>Other comprehensive income (loss), net of tax (see Note 10)</td><td></td><td></td><td></td></tr><tr><td>Change in fair value of derivatives utilized for hedging purposes _</td><td>(18.8)</td><td>(138.7)</td><td>212.0</td></tr><tr><td>Reclassification of change in fair value of derivatives to net</td><td></td><td></td><td></td></tr><tr><td>income.</td><td>21.2</td><td>(39.4)</td><td>117.1</td></tr><tr><td>Foreign currency translation adjustments_</td><td>38.7</td><td>53.9</td><td>(68.7)</td></tr><tr><td>Benefit plan adjustments</td><td>(16.3)</td><td>2.8</td><td>(66.5)</td></tr><tr><td>Benefit plan amortization</td><td>6.6</td><td>6.9</td><td>0.4</td></tr><tr><td>Total other comprehensive income (loss).</td><td>31.4</td><td>114.5)</td><td>194.3</td></tr><tr><td>Total comprehensive income (loss)</td><td></td><td>380.5</td><td>3,405.0)</td></tr><tr><td>Noncontrolling Interests</td><td></td><td></td><td></td></tr><tr><td>Net income</td><td>340.9</td><td>278.1</td><td>396.1</td></tr><tr><td>Other comprehensive income (loss), net of tax (see Note 10)</td><td></td><td></td><td></td></tr><tr><td>Change in fair value of derivatives utilized for hedging purposes</td><td>(34.6)</td><td>(208.8)</td><td>295.4</td></tr><tr><td>Reclassification of change in fair value of derivatives</td><td></td><td></td><td></td></tr><tr><td>to net income</td><td>85.7</td><td>45.7</td><td>301.1</td></tr><tr><td>Foreign currency translation adjustments_</td><td>45.7</td><td>114.9</td><td>(149.6)</td></tr><tr><td>Benefit plan adjustments</td><td>(1.3)</td><td>(1.2)</td><td>1.9</td></tr><tr><td>Benefit plan amortization</td><td>0.2</td><td>0.1</td><td>(0.3)</td></tr><tr><td>Total other comprehensive income (loss).</td><td>95.7</td><td>(49.3</td><td>448.5</td></tr><tr><td>Total comprehensive income _</td><td>436.6</td><td>228.8</td><td>844.6</td></tr><tr><td>Total</td><td></td><td></td><td></td></tr><tr><td>Net income (loss _</td><td>299.6</td><td>773.1</td><td>3203.2)</td></tr><tr><td>Other comprehensive income (loss), net of tax (see Note 10)</td><td></td><td></td><td></td></tr><tr><td>Change in fair value of derivatives utilized for hedging purposes</td><td>(53.4)</td><td>(347.5)</td><td>507.4</td></tr><tr><td>Reclassification of change in fair value of derivatives</td><td></td><td></td><td></td></tr><tr><td>to net income.</td><td>106.9</td><td>6.3</td><td>418.2</td></tr><tr><td>Foreign currency translation adjustments_</td><td>84.4</td><td>168.8</td><td>(218.3)</td></tr><tr><td>Benefit plan adjustments</td><td>(17.6)</td><td>1.6</td><td>(64.6)</td></tr><tr><td>Benefit plan amortization</td><td>6.8</td><td>7.0</td><td>0.1</td></tr><tr><td>Total other comprehensive income (loss).</td><td>127.1</td><td>163.8)</td><td>642.8</td></tr><tr><td>Total comprehensive income (loss</td><td>S 426.7 S</td><td>609.3 $</td><td>(2,560.4)</td></tr></tbody></table>",109,normal,,D: 0.5-0.8
fintab_002027,medium,0.3721,0.5116,2.423,"<table><thead><tr><th></th><th></th><th></th><th></th><th></th><th></th><th></th><th>Annual</th><th>Change_</th></tr></thead><tbody><tr><td>$ in millions)</td><td></td><td>2010</td><td></td><td>2009</td><td></td><td>2008</td><td>2010/2009</td><td>2009/2008</td></tr><tr><td>Segment revenues</td><td>$</td><td>1,245</td><td>$</td><td>1,145</td><td>S</td><td>1,544</td><td>9%</td><td>-26%</td></tr><tr><td>Segment results</td><td>$</td><td>169</td><td></td><td>129</td><td>S</td><td>246</td><td>31%</td><td>-48%</td></tr></tbody></table>",25,normal,,C: 0.3-0.5
fintab_001775,medium,0.5357,0.6429,1.97,<table><thead><tr><th></th><th></th><th>2016-1 EETCs</th><th></th></tr></thead><tbody><tr><td></td><td>Series AA</td><td>Series A</td><td>Series B</td></tr><tr><td>Aggregate principal issued</td><td>S584 million</td><td>S262 million</td><td>S228 million</td></tr><tr><td>Fixed interest rate per annum</td><td>3.575%</td><td>4.10%</td><td>5.25%</td></tr><tr><td>Maturity date</td><td>January 2028</td><td>January 2028</td><td>January 2024</td></tr></tbody></table>,16,normal,,D: 0.5-0.8
fintab_000601,medium,0.6984,0.7619,6.489,"<table><thead><tr><th></th><th>Ukraine</th><th>Key Market Data</th><th></th></tr><tr><th></th><th></th><th>Full-Year</th><th></th></tr><tr><th></th><th></th><th></th><th>Change</th></tr></thead><tbody><tr><td></td><td>2014</td><td>2043</td><td>%o Lpp</td></tr><tr><td>Total Cigarette Market (billion units)</td><td>69.7</td><td>70.7</td><td>(1.4)%</td></tr><tr><td>PMI Shipments (million units)</td><td>23,273</td><td>25,526</td><td>(8.8)%</td></tr><tr><td>PMI Cigarette Market Share</td><td></td><td></td><td></td></tr><tr><td>Marlboro</td><td>4.9%</td><td>5.5%</td><td>(0.6)</td></tr><tr><td>Parliament</td><td>3.1%</td><td>3.3%</td><td>(0.2)</td></tr><tr><td>Bond Street</td><td>8.9%</td><td>8.8%</td><td>0.1</td></tr><tr><td>Others</td><td>15.8%/</td><td>15.9%</td><td>(0.1)</td></tr><tr><td>Total</td><td>32.7%</td><td>33.5%</td><td>(0.8,</td></tr></tbody></table>",36,nested_column,,D: 0.5-0.8
fintab_000312,medium,0.4337,0.5462,22.039,"<table><thead><tr><th></th><th></th><th></th><th>Incorporated by</th><th></th></tr><tr><th></th><th></th><th></th><th>Reference</th><th></th></tr><tr><th></th><th></th><th></th><th></th><th>Filing Date/</th></tr></thead><tbody><tr><td>Exhibit</td><td></td><td></td><td></td><td>Period End</td></tr><tr><td>Number Exhibit Description</td><td></td><td>Form</td><td>Exhibit</td><td>Date</td></tr><tr><td>3.1</td><td>Restated Articles of Incorporation of the Registrant effective as of June 6, 2014.</td><td>8-K</td><td>3.1</td><td>6/6/14</td></tr><tr><td>3.2</td><td>Amended and Restated Bylaws of the Registrant effective as of February 28, 2014.</td><td>8-K</td><td>3.2</td><td>3/5/14</td></tr><tr><td>4.1</td><td>Form of Common Stock Certificate of the Registrant:</td><td>10-Q</td><td>4.1</td><td>12/30/06</td></tr><tr><td>4.2</td><td>Indenture, dated as of April 29, 2013, between the Registrant and The Bank of New York Mellon</td><td>S-3</td><td>4.1</td><td>4/29/13</td></tr><tr><td>Trust Company; N.A.</td><td>as Trustee_</td><td></td><td></td><td></td></tr><tr><td>4.3</td><td>Officer's Certificate of the Registrant; dated as of May</td><td>3, 2013, including forms of global notes 8-K</td><td>4.1</td><td>5/3/13</td></tr><tr><td></td><td>representing the Floating Rate Notes due 2016, Floating Rate Notes due 2018, 0.45% Notes</td><td></td><td></td><td></td></tr><tr><td></td><td>due 2016, 1.00% Notes due 2018,2.40% Notes due 2023 and 3.85% Notes due 2043.</td><td></td><td></td><td></td></tr><tr><td>4.4</td><td>Officer's Certificate of the Registrant; dated as of May</td><td>6, 2014, including forms of global notes 8-K</td><td>4.1</td><td>5/6/14</td></tr><tr><td></td><td>representing the Floating Rate Notes due 2017 , Floating Rate Notes due 2019, 1.05% Notes</td><td></td><td></td><td></td></tr><tr><td></td><td>due 2017, 2.10% Notes due 2019,2.85% Notes due 2021, 3.45% Notes due 2024 and 4.45%</td><td></td><td></td><td></td></tr><tr><td>Notes due 2044.</td><td></td><td></td><td></td><td></td></tr><tr><td>10.1 Amended</td><td>Employee Stock Purchase Plan, effective as of March 8, 2010.</td><td>10-Q</td><td>10.1</td><td>3/27/10</td></tr><tr><td>10.2*</td><td>Form of Indemnification Agreement between the Registrant and each director and executive</td><td>10-Q</td><td>10.2</td><td>6/27/09</td></tr><tr><td>officer of the Registrant:</td><td></td><td></td><td></td><td></td></tr><tr><td>10.3*</td><td>1997 Director Stock Plan, as amended through August 23, 2012.</td><td>10-Q</td><td>10.3</td><td>12/28/13</td></tr><tr><td>10.4*</td><td>2003 Employee Stock Plan, as amended through February 25,2010.</td><td>8-K</td><td>10.1</td><td>3/1/10</td></tr><tr><td>10.5*</td><td>Form of Restricted Stock Unit Award Agreement under 2003 Employee Stock Plan effective as</td><td>10-Q</td><td>10.10</td><td>12/25/10</td></tr><tr><td>of November 16,2010.</td><td></td><td></td><td></td><td></td></tr><tr><td>10.6*</td><td>Form of Restricted Stock Unit Award Agreement under 2003 Employee Stock Plan effective as</td><td>10-Q</td><td>10.8</td><td>3/31/12</td></tr><tr><td>of April 6, 2012</td><td></td><td></td><td></td><td></td></tr><tr><td>10.7*</td><td>Summary Description of Amendment; effective as of May 24,2012, to certain Restricted Stock</td><td>10-Q</td><td>10.8</td><td>6/30/12</td></tr><tr><td></td><td>Unit Award Agreements outstanding as of April 5, 2012.</td><td></td><td></td><td></td></tr><tr><td>10.8* 2014 Employee Stock Plan.</td><td></td><td>8-K</td><td>10.1</td><td>3/5/14</td></tr><tr><td>10.9*</td><td>Form of Restricted Stock Unit Award Agreement under 2014 Employee Stock Plan as of</td><td>8-K</td><td>10.2</td><td>3/5/14</td></tr><tr><td>February 28,2014.</td><td></td><td></td><td></td><td></td></tr><tr><td>10.10*</td><td>Form of Performance Award Agreement under 2014 Employee</td><td>8-K</td><td>10.3</td><td>3/5/14</td></tr><tr><td></td><td>Stock Plan effective as of February 28, 2014.</td><td></td><td></td><td></td></tr><tr><td>10.11*</td><td>Form of Restricted Stock Unit Award Agreement under 2014</td><td></td><td></td><td></td></tr><tr><td></td><td>Employee Stock Plan effective as of August 26, 2014.</td><td></td><td></td><td></td></tr><tr><td>10.12*</td><td>Form of Performance Award Agreement under 2014 Employee Stock Plan effective as of</td><td></td><td></td><td></td></tr><tr><td>August 26,2014.</td><td></td><td></td><td></td><td></td></tr><tr><td>10.13*</td><td>Form of Amendment, effective as of August 26, 2014, to Restricted Stock Unit Award</td><td></td><td></td><td></td></tr><tr><td></td><td>Agreements and Performance Award Agreements outstanding as of August 26,2014_</td><td></td><td></td><td></td></tr><tr><td>12.1**</td><td>Computation of Ratio of Earnings to Fixed Charges.</td><td></td><td></td><td></td></tr><tr><td>21.1** Subsidiaries of the Registrant:</td><td></td><td></td><td></td><td></td></tr></tbody></table>",113,nested_column,,C: 0.3-0.5
fintab_002260,medium,0.5,0.6071,1.845,"<table><thead><tr><th></th><th colspan=""4""></th><th></th></tr></thead><tbody><tr><td></td><td>2017</td><td></td><td>2016</td><td></td><td>2015</td></tr><tr><td>Per common share cash dividend declared for the period</td><td>0.50</td><td>$</td><td>0.50</td><td>S</td><td>1.605</td></tr><tr><td>Per common share cash dividend paid in the period</td><td>0.50</td><td></td><td>0.50</td><td></td><td>1.93</td></tr></tbody></table>",14,normal,,D: 0.5-0.8
fintab_000072,extreme,0.1163,0.5116,4.27,"<table><thead><tr><th></th><th>Outstanding and Non-Vested Shares</th><th></th></tr></thead><tbody><tr><td></td><td>Year Ended December 31,2010</td><td></td></tr><tr><td>Weighted-Average</td><td>Remaining Average</td><td>Aggregate</td></tr><tr><td>Shares Grant Date</td><td>Contractual</td><td>Intrinsic</td></tr><tr><td>Thousands Fair Value</td><td>Life (Years</td><td>Value (Millions)</td></tr><tr><td>Outstanding at December 31,2009 2,583 14.62</td><td></td><td></td></tr><tr><td>Granted 1,130 14.21</td><td></td><td></td></tr><tr><td>Forfeited or cancelled (350) 17.24</td><td></td><td></td></tr><tr><td>Vested and released to participants. (295 18.09</td><td></td><td></td></tr><tr><td>Outstanding at December 31,2010. 3,068 13.84</td><td>L 1</td><td>S 37</td></tr></tbody></table>",18,normal,,B: <0.3
fintab_002203,medium,0.2925,0.4575,14.641,"<table><thead><tr><th></th><th></th><th>Asset derivatives</th><th colspan=""2"">Liability derivatives</th></tr></thead><tbody><tr><td></td><td></td><td>December 31,</td><td>December 31,</td><td></td></tr><tr><td></td><td></td><td>2014 2013</td><td>2014</td><td>2013</td></tr><tr><td></td><td>Balance sheet location</td><td>Fair value</td><td>Fair value</td><td></td></tr><tr><td>Derivatives designated as hedging</td><td></td><td></td><td></td><td></td></tr><tr><td>contracts</td><td></td><td></td><td></td><td></td></tr><tr><td>Natural gas and crude derivative</td><td>Other current assets/(Other current</td><td></td><td></td><td></td></tr><tr><td>contracts</td><td>liabilities)</td><td>S 309 S 18   $</td><td>(34) $</td><td>(33)</td></tr><tr><td></td><td>Deferred charges and other assets/</td><td></td><td></td><td></td></tr><tr><td></td><td>(Other long-term liabilities and</td><td></td><td></td><td></td></tr><tr><td></td><td>deferred credits)</td><td>58</td><td></td><td>(30)</td></tr><tr><td>Subtotal</td><td></td><td>315 76</td><td>(34)</td><td>(63)</td></tr><tr><td></td><td>Other current assets/(Other current</td><td></td><td></td><td></td></tr><tr><td>Interest rate swap agreements</td><td>liabilities)</td><td>143 87</td><td></td><td></td></tr><tr><td></td><td>Deferred charges and other assets</td><td></td><td></td><td></td></tr><tr><td></td><td>(Other long-term liabilities and</td><td></td><td></td><td></td></tr><tr><td></td><td>deferred credits)</td><td>260 172</td><td>(53)</td><td>(116)</td></tr><tr><td>Subtotal</td><td></td><td>403 259</td><td>(53)</td><td>(116)</td></tr><tr><td>Total</td><td></td><td>718 335</td><td>(87)</td><td>(179)</td></tr><tr><td>Derivatives not designated as hedging</td><td></td><td></td><td></td><td></td></tr><tr><td>contracts</td><td></td><td></td><td></td><td></td></tr><tr><td>Natural gas, crude and NGL derivative</td><td>Other current assets/(Other current</td><td></td><td></td><td></td></tr><tr><td>contracts</td><td>liabilities)</td><td>73</td><td></td><td></td></tr><tr><td></td><td>Deferred charges and other assets</td><td></td><td></td><td></td></tr><tr><td></td><td>(Other long-term liabilities and</td><td></td><td></td><td></td></tr><tr><td></td><td>deferred credits)</td><td>196</td><td></td><td></td></tr><tr><td>Subtotal</td><td></td><td>269</td><td></td><td></td></tr><tr><td></td><td>Other current assets/(Other current</td><td></td><td></td><td></td></tr><tr><td>Power derivative contracts</td><td>liabilities)</td><td>10</td><td>(57)</td><td>(54)</td></tr><tr><td></td><td>Deferred charges and other assets/</td><td></td><td></td><td></td></tr><tr><td></td><td>(Other long-term liabilities and</td><td></td><td></td><td></td></tr><tr><td></td><td>deferred credits)</td><td>11</td><td>(16)</td><td>(73)</td></tr><tr><td>Subtotal</td><td></td><td>10 18</td><td>(73)</td><td>(127)</td></tr><tr><td>Total</td><td></td><td>279 22</td><td>(75)</td><td>(132)</td></tr><tr><td>Total derivatives</td><td></td><td>S 997 S 357</td><td>S (162) S</td><td>(311)</td></tr></tbody></table>",83,normal,,B: <0.3
fintab_000638,medium,0.7442,0.8992,10.018,"<table><thead><tr><th></th><th>Pension</th><th>(1)</th><th>Postretirement</th><th></th></tr></thead><tbody><tr><td>(in millions)</td><td>2017</td><td>2016</td><td>2017</td><td>2016</td></tr><tr><td>Benefit obligation at January 1</td><td>S 8,387 S</td><td>8,086 S</td><td>227 S</td><td>211</td></tr><tr><td>Service cost</td><td>208</td><td>207</td><td>4</td><td>3</td></tr><tr><td>Interest cost</td><td>108</td><td>146</td><td>8</td><td>9</td></tr><tr><td>Benefits paid</td><td>(226)</td><td>(240)</td><td>(10)</td><td>(10)</td></tr><tr><td>Settlement and curtailment</td><td></td><td>(1)</td><td></td><td></td></tr><tr><td>Actuarial losses (gains)</td><td>(93)</td><td>427</td><td>12</td><td>15</td></tr><tr><td>Currency</td><td>621</td><td>(329)</td><td></td><td>(2)</td></tr><tr><td>Other</td><td>23</td><td>91</td><td></td><td>1</td></tr><tr><td>Benefit obligation at December 31,</td><td>9,028</td><td>8,387</td><td>248</td><td>227</td></tr><tr><td>Fair value of plan assets at January 1</td><td>6,457</td><td>6,404</td><td></td><td></td></tr><tr><td>Actual return on plan assets</td><td>742</td><td>322</td><td></td><td></td></tr><tr><td>Employer contributions</td><td>66</td><td>191</td><td></td><td></td></tr><tr><td>Employee contributions</td><td>40</td><td>39</td><td></td><td></td></tr><tr><td>Benefits paid</td><td>(226)</td><td>(240)</td><td></td><td></td></tr><tr><td>Settlement and curtailment</td><td></td><td></td><td></td><td></td></tr><tr><td>Currency</td><td>519</td><td>(259)</td><td></td><td></td></tr><tr><td>Fair value of plan assets at December 31_</td><td>7,598</td><td>6,457</td><td></td><td></td></tr><tr><td>Net pension and postretirement liability recognized at</td><td></td><td></td><td></td><td></td></tr><tr><td>December 31,</td><td>$ (1,430) S</td><td>(1,930) S</td><td>(248) S</td><td>(227)</td></tr></tbody></table>",76,normal,,D: 0.5-0.8
fintab_001031,medium,0.641,0.8718,6.986,"<table><thead><tr><th></th><th></th><th>Fiscal Years Ended</th><th></th></tr></thead><tbody><tr><td></td><td>Dec: 30,</td><td>Dec: 31,</td><td>Dec: 25,</td></tr><tr><td></td><td>2006</td><td>2005</td><td>2004</td></tr><tr><td>Net sales</td><td>100.0%</td><td>100.0%</td><td>100.0%</td></tr><tr><td>Cost of goods sold</td><td>50.3%</td><td>42.9%</td><td>461%</td></tr><tr><td>Gross profit</td><td>49.7%/</td><td>52.1%</td><td>53.9%</td></tr><tr><td>Operating expenses:</td><td></td><td></td><td></td></tr><tr><td>Selling; general and administrative</td><td>12.1%</td><td>11.9%</td><td>10.4%</td></tr><tr><td>Research and development</td><td>6.4%</td><td>23%</td><td>8O%</td></tr><tr><td>Total operating expenses</td><td>185%</td><td>19.2%</td><td>18.4%</td></tr><tr><td>Operating income</td><td>31.2%</td><td>32.9%/</td><td>35.5%</td></tr><tr><td>Other income / (expense) net</td><td>2.3%</td><td>3.3%</td><td>(2 0%)</td></tr><tr><td>Income before income taxes</td><td>33.5%</td><td>36.2%/</td><td>33.5%</td></tr><tr><td>Provision for income taxes</td><td>45%</td><td>60%</td><td>65%</td></tr><tr><td>Net income</td><td>290%</td><td>30.2%</td><td>27.0%</td></tr></tbody></table>",52,normal,,D: 0.5-0.8
fintab_000751,medium,0.6765,0.7794,5.781,"<table><thead><tr><th></th><th></th><th>Fiscal Year Ended</th><th></th></tr></thead><tbody><tr><td></td><td>December 28,</td><td>December 29,</td><td>December 31,</td></tr><tr><td></td><td>2013</td><td>2012</td><td>2011</td></tr><tr><td>Net sales</td><td>100.0%</td><td>100.0%</td><td>100.0%/</td></tr><tr><td>Cost of sales, including purchasing and</td><td></td><td></td><td></td></tr><tr><td>warehousing costs</td><td>49.9</td><td>50.1</td><td>50.3</td></tr><tr><td>Gross profit</td><td>50.1</td><td>49.9</td><td>49.7</td></tr><tr><td>Selling, general and administrative expenses</td><td>39.9</td><td>39.3</td><td>39.0</td></tr><tr><td>Operating income</td><td>10.2</td><td>10.6</td><td>10.8</td></tr><tr><td>Interest expense</td><td>(0.6)</td><td>(0.5)</td><td>(0.5)</td></tr><tr><td>Other; net</td><td>0.0</td><td>0.0</td><td>0.0</td></tr><tr><td>Provision for income taxes</td><td>3.6</td><td>3.8</td><td>3.9</td></tr><tr><td>Net income</td><td>6.0%</td><td>6.2%/</td><td>6.4%</td></tr></tbody></table>",44,normal,,D: 0.5-0.8
fintab_001118,extreme,0.6379,0.7931,4.004,"<table><thead><tr><th></th><th></th><th>Year</th><th colspan=""2"">Ended December 31,</th><th></th></tr></thead><tbody><tr><td></td><td>2015</td><td>2014</td><td>2013</td><td>2012</td><td>2011</td></tr><tr><td></td><td></td><td></td><td>(in thousands)</td><td></td><td></td></tr><tr><td>Cost of revenue</td><td>$ 3,048</td><td>$ 1,535</td><td>S 408</td><td>$ 270</td><td>$ 94</td></tr><tr><td>Research and development</td><td>25,515</td><td>14,986</td><td>5,464</td><td>2,590</td><td>992</td></tr><tr><td>Sales and marketing</td><td>11,454</td><td>7,643</td><td>2,985</td><td>1,078</td><td>554</td></tr><tr><td>General and administrative</td><td>5,286</td><td>3,455</td><td>1,302</td><td>765</td><td>334</td></tr><tr><td>Total stock-based compensation</td><td>S45,303</td><td>S27,619</td><td>S10,159</td><td>84,703</td><td>$1,974</td></tr></tbody></table>",38,normal,,D: 0.5-0.8
fintab_001057,medium,0.6145,0.8795,8.664,"<table><thead><tr><th></th><th></th><th>Fiscal Year Ended</th><th></th></tr></thead><tbody><tr><td></td><td>December 29,</td><td>December 30,</td><td>December 31,</td></tr><tr><td></td><td>2007</td><td>2006</td><td>2005</td></tr><tr><td>Supplemental disclosures of cash flow information</td><td></td><td></td><td></td></tr><tr><td>Cash paid during the year for income taxes</td><td>S54,963</td><td>S67,044</td><td>S59,765</td></tr><tr><td>Cash received during the year from income tax refunds</td><td>S779</td><td>S537</td><td>S115</td></tr><tr><td>Cash paid during the year for interest</td><td>S207</td><td>S41</td><td>S48</td></tr><tr><td>Supplemental disclosure of non-cash investing and</td><td></td><td></td><td></td></tr><tr><td>financing activities</td><td></td><td></td><td></td></tr><tr><td>Change in marketable securities related to unrealized</td><td></td><td></td><td></td></tr><tr><td>appreciation (depreciation)</td><td>S51210</td><td>S68</td><td>S2,893)</td></tr><tr><td>Acquisitions, net of cash acquired</td><td></td><td></td><td></td></tr><tr><td>Fair value of assets acquired</td><td>S256,609</td><td>S42,616</td><td>S1,490</td></tr><tr><td>Liabilities assumed</td><td>(106,654)</td><td>(5,997)</td><td></td></tr><tr><td>Less cash acquired</td><td>(21,204)</td><td>(120)</td><td>(3)</td></tr><tr><td>Net cash paid</td><td>S128,751</td><td>S36,499</td><td>S1,483</td></tr></tbody></table>",43,normal,,D: 0.5-0.8
fintab_001425,extreme,0.5051,0.697,7.073,"<table><thead><tr><th></th><th>Year ended</th><th></th><th>Year ended</th><th></th><th>Year ended</th><th></th></tr></thead><tbody><tr><td></td><td>December 31,2013</td><td></td><td>December 31, 2012</td><td></td><td>December 31, 2011</td><td></td></tr><tr><td></td><td></td><td></td><td>(in millions)</td><td></td><td></td><td></td></tr><tr><td></td><td></td><td>Net</td><td></td><td>Net</td><td></td><td>Net</td></tr><tr><td></td><td>Net Sales</td><td>Property(l)</td><td>Net Sales</td><td>Property(1)</td><td>Net Sales</td><td>Property(l)</td></tr><tr><td>United States .</td><td>5,300 $</td><td>668</td><td>5,193</td><td>592 S</td><td>4,993 S</td><td>506</td></tr><tr><td>Other North America</td><td>213</td><td>145</td><td>151</td><td>139</td><td>118</td><td>129</td></tr><tr><td>Europe, Middle East & Africa(2)</td><td>6,444</td><td>1,592</td><td>6,364</td><td>1,455</td><td>7,264</td><td>1,107</td></tr><tr><td>China _</td><td>2,703</td><td>526</td><td>2,288</td><td>389</td><td>2,026</td><td>314</td></tr><tr><td>Other Asia Pacific _</td><td>838</td><td>148</td><td>539</td><td>135</td><td>438</td><td>108</td></tr><tr><td>South America</td><td>965</td><td>137</td><td>984</td><td>150</td><td>1,202</td><td>151</td></tr><tr><td>Total:</td><td>S 16,463 $</td><td>3,216 S</td><td>15,519</td><td>2,860 S</td><td>16,041 S</td><td>2,315</td></tr></tbody></table>",65,normal,,D: 0.5-0.8
fintab_002518,extreme,0.6582,0.9367,13.814,"<table><thead><tr><th></th><th></th><th></th><th>Change</th><th></th></tr></thead><tbody><tr><td></td><td>2012</td><td>2011</td><td>Dollars</td><td></td></tr><tr><td></td><td></td><td colspan=""2"">(Dollar amounts in thousands)</td><td></td></tr><tr><td>Rental income</td><td>582,335 S</td><td>538,701 S</td><td>43,634</td><td>8.1 %</td></tr><tr><td>Other property income</td><td>20,217</td><td>9,260</td><td>10,957</td><td>118.3 %</td></tr><tr><td>Mortgage interest income</td><td>5,466</td><td>5,098</td><td>368</td><td>7.2 %</td></tr><tr><td>Total property revenue.</td><td>608,018</td><td>553,059</td><td>54,959</td><td>9.9 %</td></tr><tr><td>Rental expenses</td><td>112,760</td><td>109,549</td><td>3,211</td><td>2.9 %</td></tr><tr><td>Real estate taxes</td><td>66,799</td><td>60,620</td><td>6,179</td><td>10.2 %</td></tr><tr><td>Total property expenses_</td><td>179,559</td><td>170,169</td><td>9,390</td><td>5.5 %</td></tr><tr><td>Property operating income.</td><td>428,459</td><td>382,890</td><td>45,569</td><td>11.9 %</td></tr><tr><td>Other interest income_</td><td>689</td><td>218</td><td>471</td><td>216.1 %</td></tr><tr><td>Income from real estate partnerships</td><td>1,757</td><td>1,808</td><td>(51)</td><td>(2.8)%</td></tr><tr><td>Interest expense</td><td>(113,336)</td><td>(98,465)</td><td>(14,871)</td><td>15.1 %</td></tr><tr><td>Early extinguishment of debt.</td><td></td><td>296</td><td>(296)</td><td>(100.0)%</td></tr><tr><td>General and administrative expense</td><td>(31,158)</td><td>(28,985)</td><td>(2,173)</td><td>7.5 %</td></tr><tr><td>Depreciation and amortization.</td><td>142,039)</td><td>(126,208)</td><td>(15,831)</td><td>12.5 %</td></tr><tr><td>Total other; net_</td><td>(284,087)</td><td>(251,336)</td><td>(32,751)</td><td>13.0 %</td></tr><tr><td>Income from continuing operations .</td><td>144,372</td><td>131,554</td><td>12,818</td><td>9.7 %</td></tr><tr><td>Discontinued operations income</td><td></td><td>957</td><td>(957)</td><td>(100.0)%</td></tr><tr><td>Discontinued operations gain on deconsolidation of VIE</td><td></td><td>2,026</td><td>(2,026)</td><td>(100.0)%</td></tr><tr><td>Discontinued operations gain on sale of real estate</td><td></td><td>15,075</td><td>(15,075)</td><td>(100.0)%</td></tr><tr><td>Gain on sale of real estate</td><td>11,860</td><td></td><td>11,860</td><td>100.0 %</td></tr><tr><td>Net income._</td><td>156,232</td><td>149,612</td><td>6,620</td><td>4.4 %</td></tr><tr><td>Net income attributable to noncontrolling interests.</td><td>(4,307)</td><td>(5,695)</td><td>1,388</td><td>(24.4)%</td></tr><tr><td>Net income attributable to the Trust _</td><td>S 151,925 S</td><td>143,917 S</td><td>8,008</td><td>5.6 %</td></tr></tbody></table>",115,normal,,D: 0.5-0.8
fintab_002318,medium,0.431,0.5517,3.225,"<table><thead><tr><th></th><th></th><th></th><th colspan=""2""></th><th></th><th></th></tr></thead><tbody><tr><td></td><td></td><td>2016</td><td></td><td>2015</td><td></td><td>2014</td></tr><tr><td>Long-term assets, excluding goodwill and other intangibles</td><td></td><td></td><td></td><td></td><td></td><td></td></tr><tr><td>U.S:</td><td>S</td><td>49,125</td><td>S</td><td>51,679</td><td>S</td><td>49,992</td></tr><tr><td>Canada</td><td></td><td>2,399</td><td></td><td>2,193</td><td></td><td>2,268</td></tr><tr><td>Mexico</td><td></td><td>82</td><td></td><td>67</td><td></td><td>81</td></tr><tr><td>Total consolidated long-lived assets</td><td>S</td><td>51,606</td><td>S</td><td>53,939</td><td>S</td><td>52,341</td></tr></tbody></table>",27,normal,,C: 0.3-0.5
fintab_001531,medium,0.8342,0.9689,14.006,"<table><thead><tr><th></th><th></th><th>Year Ended December 34_</th><th></th></tr></thead><tbody><tr><td></td><td>2014</td><td>2013</td><td>2012</td></tr><tr><td>Operating revenues:</td><td></td><td></td><td></td></tr><tr><td>Mainline passenger</td><td>30,802</td><td>$ 20,218</td><td>$ 18,743</td></tr><tr><td>Regional passenger</td><td>6,322</td><td>3,131</td><td>2,914</td></tr><tr><td>Cargo</td><td>875</td><td>685</td><td>675</td></tr><tr><td>Other</td><td>4,651</td><td>2,709</td><td>2,523</td></tr><tr><td>Total operating revenues</td><td>42,650</td><td>26,743</td><td>24,855</td></tr><tr><td>Operating expenses:</td><td></td><td></td><td></td></tr><tr><td>Aircraft fuel and related taxes</td><td>10,592</td><td>7,839</td><td>7,705</td></tr><tr><td>Salaries, wages and benefits</td><td>8,508</td><td>5,460</td><td>6,217</td></tr><tr><td>Regional expenses</td><td>6,516</td><td>3,326</td><td>3,028</td></tr><tr><td>Maintenance, materials and repairs</td><td>2,051</td><td>1,260</td><td>1,158</td></tr><tr><td>Other rent and landing fees</td><td>1,727</td><td>1,152</td><td>1,083</td></tr><tr><td>Aircraft rent</td><td>1,250</td><td>768</td><td>553</td></tr><tr><td>Selling expenses</td><td>1,544</td><td>1,158</td><td>1,058</td></tr><tr><td>Depreciation and amortization</td><td>1,295</td><td>853</td><td>845</td></tr><tr><td>Special items, net</td><td>800</td><td>559</td><td>386</td></tr><tr><td>Other</td><td>4,118</td><td>2,969</td><td>2674</td></tr><tr><td>Total operating expenses</td><td>38,401</td><td>25,344</td><td>24707</td></tr><tr><td>Operating income</td><td>4,249</td><td>1,399</td><td>148</td></tr><tr><td>Nonoperating income (expense):</td><td></td><td></td><td></td></tr><tr><td>Interest income</td><td>31</td><td>20</td><td>26</td></tr><tr><td>Interest expense, net of capitalized interest</td><td>(887)</td><td>856)</td><td>(632)</td></tr><tr><td>Other, net</td><td>(181)</td><td>(88</td><td>221</td></tr><tr><td>Total nonoperating expense, net</td><td>(L037)</td><td>(924)</td><td>(385)</td></tr><tr><td>Income (loss) before reorganization items, net</td><td>3,212</td><td>475</td><td>(237)</td></tr><tr><td>Reorganization items, net</td><td></td><td>(2655</td><td>(2208</td></tr><tr><td>Income (loss) before income taxes</td><td>3,212</td><td>(2,180)</td><td>(2,445)</td></tr><tr><td>Income tax provision (benefit)</td><td>330</td><td>(346)</td><td>(569)</td></tr><tr><td>Net income (loss)</td><td>2,882</td><td>(1,834</td><td>$ (1,876)</td></tr><tr><td>Earnings (loss) per share:</td><td></td><td></td><td></td></tr><tr><td>Basic</td><td>4.02</td><td>(6.54)</td><td>(7.52)</td></tr><tr><td>Diluted</td><td>3.93</td><td>$ (6.54)</td><td>(752)</td></tr><tr><td>Weighted average shares 0utstanding (in thousands):</td><td></td><td></td><td></td></tr><tr><td>Basic</td><td>717,456</td><td>280,213</td><td>249,490</td></tr><tr><td>Diluted</td><td>734,016</td><td>280.213</td><td>249.490</td></tr><tr><td>Cash dividends declared per common share</td><td>0.20</td><td>$</td><td></td></tr></tbody></table>",131,normal,,E: >=0.8
fintab_002501,medium,0.5786,0.7925,15.204,"<table><thead><tr><th></th><th></th><th colspan=""2""></th><th></th></tr></thead><tbody><tr><td></td><td></td><td>2012</td><td>2011</td><td>2010</td></tr><tr><td></td><td></td><td colspan=""3""></td></tr><tr><td>NUMERATOR</td><td></td><td></td><td></td><td></td></tr><tr><td>Income from continuing operations _</td><td></td><td>S 144,372 S</td><td>131,554 S</td><td>125,851</td></tr><tr><td>Less: Preferred share dividends</td><td></td><td>(541)</td><td>(541)</td><td>(541)</td></tr><tr><td>Less: Income from</td><td>continuing operations attributable to noncontrolling interests.</td><td>(4,307)</td><td>(5,475)</td><td>(5,247)</td></tr><tr><td colspan=""2"">Less: Earnings allocated to unvested shares</td><td>(845)</td><td>705)</td><td>(572)</td></tr><tr><td colspan=""2"">Income from</td><td>138,679</td><td>124,833</td><td>119,491</td></tr><tr><td colspan=""2""></td><td></td><td>17,838</td><td>1,776</td></tr><tr><td>Gain on sale of real estate</td><td></td><td>11,860</td><td></td><td>410</td></tr><tr><td colspan=""2""></td><td>S 150,539 S</td><td>142,671 S</td><td>121,677</td></tr><tr><td>DENOMINATOR</td><td></td><td></td><td></td><td></td></tr><tr><td colspan=""2"">Weighted average common shares outstanding</td><td>63,881</td><td>62,438</td><td>61,182</td></tr><tr><td>Effect of dilutive securities:</td><td></td><td></td><td></td><td></td></tr><tr><td>Stock options.</td><td></td><td>175</td><td>165</td><td>142</td></tr><tr><td colspan=""2"">Weighted average common shares outstanding</td><td>64,056</td><td>62,603</td><td>61,324</td></tr><tr><td colspan=""2"">EARNINGS PER COMMON SHARE, BASIC</td><td></td><td></td><td></td></tr><tr><td>Continuing operations _</td><td></td><td>2.17 S</td><td>2.00 S</td><td>1.95</td></tr><tr><td>Discontinued operations</td><td></td><td></td><td>0.29</td><td>0.03</td></tr><tr><td>Gain on sale of real estate</td><td></td><td>0.19</td><td></td><td>0.01</td></tr><tr><td></td><td></td><td>2.36 S</td><td>2.29 S</td><td>1.99</td></tr><tr><td colspan=""2"">EARNINGS PER COMMON SHARE, DILUTED</td><td></td><td></td><td></td></tr><tr><td>Continuing operations _</td><td></td><td>2.16 S</td><td>1.99 S</td><td>1.94</td></tr><tr><td>Discontinued operations</td><td></td><td></td><td>0.29</td><td>0.03</td></tr><tr><td>Gain on sale of real estate</td><td></td><td>0.19</td><td></td><td>0.01</td></tr><tr><td></td><td></td><td>2.35 S</td><td>2.28 S</td><td>1.98</td></tr><tr><td colspan=""2""></td><td>S 140,065 S</td><td>126,079 S</td><td>120,604</td></tr></tbody></table>",86,normal,,D: 0.5-0.8
fintab_001326,extreme,0.1134,0.3814,4.167,"<table><thead><tr><th></th><th></th><th></th><th></th><th></th><th></th><th>2015</th><th></th><th></th><th></th><th></th></tr></thead><tbody><tr><td></td><td></td><td></td><td></td><td>Facility</td><td></td><td>Contract</td><td></td><td></td><td></td><td></td></tr><tr><td></td><td></td><td>Termination</td><td></td><td>Closure</td><td colspan=""2""></td><td colspan=""2""></td><td></td><td></td></tr><tr><td>(dollars_in thousands)</td><td></td><td>Benefits</td><td></td><td>Costs</td><td></td><td>Costs</td><td></td><td>Costs</td><td></td><td>Total</td></tr><tr><td>2015 Restructuring programs</td><td>S</td><td>5,009</td><td>S</td><td>231</td><td>S</td><td>1,000</td><td>S</td><td>64</td><td>$</td><td>6,304</td></tr><tr><td>2014 Manufacturing footprint realignment plan</td><td>S</td><td>1,007</td><td>S</td><td>241</td><td>$</td><td>389</td><td>$</td><td>48</td><td>$</td><td>1,685</td></tr><tr><td>Other restructuring programs</td><td>prior years() S</td><td>(194)</td><td>S</td><td></td><td>2   $</td><td>(13)</td><td>S</td><td>35</td><td>$</td><td>(170)</td></tr><tr><td>Total restructuring charges</td><td>S</td><td>5,822</td><td>S</td><td>474</td><td>S</td><td>1,376</td><td>S</td><td>147</td><td>$</td><td>7,819</td></tr></tbody></table>",56,normal,,B: <0.3
fintab_000138,medium,0.7215,0.7975,6.729,"<table><thead><tr><th></th><th></th><th>NYSE</th><th>OSE</th><th></th></tr><tr><th></th><th colspan=""2""></th><th colspan=""2"">Common Stock()</th></tr><tr><th></th><th>High</th><th>Low</th><th>High</th><th>Low</th></tr></thead><tbody><tr><td>2009</td><td></td><td></td><td></td><td></td></tr><tr><td>Fourth Quarter</td><td>S26.89</td><td>S19.75</td><td>156.30</td><td>113.20</td></tr><tr><td>Third Quarter</td><td>24.42</td><td>12.16</td><td>143.30</td><td>80.00</td></tr><tr><td>Second Quarter</td><td>17.09</td><td>8.69</td><td>106.00</td><td>55.00</td></tr><tr><td>First Quarter</td><td>15.18</td><td>5.50</td><td>106.50</td><td>38.70</td></tr><tr><td>2008</td><td></td><td></td><td></td><td></td></tr><tr><td>Fourth Quarter</td><td>S21.26</td><td>S 6.64</td><td>133.50</td><td>54.50</td></tr><tr><td>Third Quarter</td><td>29.35</td><td>19.54</td><td>164.00</td><td>97.50</td></tr><tr><td>Second Quarter</td><td>35.47</td><td>22.33</td><td>181,.50</td><td>11350</td></tr><tr><td>First Quarter</td><td>41.22</td><td>30.23</td><td>229.00</td><td>160.00</td></tr></tbody></table>",50,nested_column,,D: 0.5-0.8
fintab_000026,medium,0.7742,0.8548,5.918,"<table><thead><tr><th></th><th colspan=""2"">Sales Price</th><th>Dividends Paid</th></tr><tr><th></th><th>High</th><th>Low</th><th>Per Share</th></tr></thead><tbody><tr><td>2016</td><td></td><td></td><td></td></tr><tr><td>First Quarter</td><td>$70.45</td><td>S52.80</td><td>0.86</td></tr><tr><td>Second Quarter</td><td>76.24</td><td>66.55</td><td>0.86</td></tr><tr><td>Third Quarter</td><td>80.19</td><td>72.34</td><td>0.86</td></tr><tr><td>Fourth Quarter</td><td>74.85</td><td>59.39</td><td>0.86</td></tr><tr><td>2015</td><td></td><td></td><td></td></tr><tr><td>First Quarter</td><td>884.88</td><td>S73.20</td><td>S0.825</td></tr><tr><td>Second Quarter</td><td>79.60</td><td>65.48</td><td>0.825</td></tr><tr><td>Third Quarter</td><td>70.22</td><td>61.00</td><td>0.825</td></tr><tr><td>Fourth Quarter</td><td>71.25</td><td>58.21</td><td>0.825</td></tr></tbody></table>",39,nested_column,,D: 0.5-0.8
fintab_002552,extreme,0.3478,0.5072,4.534,"<table><thead><tr><th></th><th></th><th>Capital</th><th></th><th></th></tr><tr><th></th><th>Secured</th><th>Leases</th><th>Unsecured</th><th>Total</th></tr><tr><th></th><th></th><th></th><th>(In thousands)</th><th></th></tr></thead><tbody><tr><td>2007</td><td>S 4,793</td><td>$ 1,315</td><td>$ 150,204</td><td>S 156,312</td></tr><tr><td>2008</td><td>14,968</td><td>1,523</td><td>226</td><td>16,717</td></tr><tr><td>2009</td><td>9,973</td><td>1,722</td><td>175,250</td><td>186,945</td></tr><tr><td>2010</td><td>6,016</td><td>1,860</td><td>98,275(1)</td><td>106,15101)</td></tr><tr><td>2011</td><td>43,244</td><td>2,009</td><td>75,304</td><td>120,55703)</td></tr><tr><td>2012 and thereafter(2)</td><td>232,079</td><td>140,932</td><td>734,765</td><td>1,107,77603)</td></tr><tr><td></td><td>S311,073</td><td>$149,361</td><td>S1,234,024</td><td>S1,694,458</td></tr></tbody></table>",40,nested_column,,C: 0.3-0.5
fintab_002278,medium,0.4783,0.6739,7.888,"<table><thead><tr><th></th><th></th><th>Asset derivatives</th><th colspan=""2"">Liability derivatives</th></tr></thead><tbody><tr><td></td><td></td><td>December 31,</td><td>December 31,</td><td></td></tr><tr><td></td><td>2010</td><td>2009</td><td>2010</td><td>2009</td></tr><tr><td></td><td>Balance sheet</td><td></td><td></td><td></td></tr><tr><td></td><td>location</td><td>Fair value</td><td>Fair value</td><td></td></tr><tr><td>Derivatives designated as hedging contracts</td><td></td><td></td><td></td><td></td></tr><tr><td>Energy commodity derivative contracts</td><td>Current</td><td>20.1 S 19.1</td><td>(275.9) S</td><td>(270.8)</td></tr><tr><td></td><td>Non-current</td><td>43.1 57.3</td><td>103.0)</td><td>(241.5)</td></tr><tr><td>Subtotal</td><td></td><td>63.2 76.4</td><td>(378.9)</td><td>(512.3)</td></tr><tr><td>Interest rate swap agreements</td><td>Non-current</td><td>258.6 236.0</td><td>(69.2)</td><td>(218.5)</td></tr><tr><td>Cross currency swap agreements</td><td>Non-current</td><td></td><td></td><td>9.6</td></tr><tr><td>Total</td><td></td><td>321.8 312.4</td><td>(448.1)</td><td>740.4)</td></tr><tr><td>Derivatives not designated as hedging contracts</td><td></td><td></td><td></td><td></td></tr><tr><td>Energy commodity derivative contracts</td><td>Current</td><td>3.9 1.7</td><td>(5.6)</td><td>(1.2)</td></tr><tr><td>Total derivatives</td><td>S</td><td>325.7 S 314.1</td><td>$ (453.7) S</td><td>(741.6)</td></tr></tbody></table>",49,normal,,C: 0.3-0.5
fintab_001283,extreme,0.5808,0.8038,22.406,"<table><thead><tr><th></th><th>First</th><th>Second</th><th>Third</th><th>Fourth</th></tr><tr><th></th><th>Quarter</th><th>Quarter</th><th>Quarter</th><th>Quarter</th></tr><tr><th></th><th></th><th colspan=""2"">(Dollars in thousands; except per share)</th><th></th></tr></thead><tbody><tr><td>2014:</td><td></td><td></td><td></td><td></td></tr><tr><td>Net revenues</td><td>S 438,546</td><td>$ 468,105</td><td>S 457,173</td><td>S 476,008</td></tr><tr><td>Gross profit</td><td>221,159</td><td>244,088</td><td>236,166</td><td>241,015</td></tr><tr><td>Income from continuing operations before interest and taxes</td><td>59,020</td><td>74, 752</td><td>81,935</td><td>69,155</td></tr><tr><td>Income from continuing operations</td><td>35,269</td><td>48,830</td><td>55,2 228</td><td>52,133</td></tr><tr><td>Loss from discontinued operations</td><td>(125)</td><td>(1,125)</td><td>(271)</td><td>(1,188)</td></tr><tr><td>Net income</td><td>35,144</td><td>47,705</td><td>54,957</td><td>50,945</td></tr><tr><td>Less: Income from continuing operations attributable to</td><td></td><td></td><td></td><td></td></tr><tr><td>noncontrolling interest</td><td>186</td><td>453</td><td>126</td><td>307</td></tr><tr><td>Net income attributable to common shareholders</td><td>34,958</td><td>47,252</td><td>54,831</td><td>50,638</td></tr><tr><td>per share available to common shareholders</td><td></td><td></td><td></td><td></td></tr><tr><td>Income from continuing operations</td><td>S 0.85</td><td>$ 1.17</td><td>S 1.33</td><td>S 1.25</td></tr><tr><td>Loss from discontinued operations</td><td></td><td>(0.03)</td><td>(0.01)</td><td>(0.03)</td></tr><tr><td>Net income</td><td>S 0.85</td><td>$ 1.14</td><td>S 1.32</td><td>S 1.22</td></tr><tr><td>Earnings per share available to common shareholders</td><td></td><td></td><td></td><td></td></tr><tr><td>diluted(1</td><td></td><td></td><td></td><td></td></tr><tr><td>Income from continuing operations</td><td>S 0.77</td><td>$ 1.04</td><td>S 1.18</td><td>S 1.10</td></tr><tr><td>Loss from discontinued operations</td><td>(0.01)</td><td>(0.02)</td><td></td><td>(0.03)</td></tr><tr><td>Net income</td><td>S 0.76</td><td>$ 1.02</td><td>S 1.18</td><td>S 1.07</td></tr><tr><td>2013:</td><td></td><td></td><td></td><td></td></tr><tr><td>Net revenues</td><td>S 411,877</td><td>$ 420,059</td><td>$ 413,796</td><td>S 450,539</td></tr><tr><td>Gross profit</td><td>200,520</td><td>209,490</td><td>203,992</td><td>224,943</td></tr><tr><td>Income from continuing operations before interest, loss on</td><td></td><td></td><td></td><td></td></tr><tr><td>extinguishment of debt and taxes</td><td>49,404</td><td>63,751</td><td>66,042</td><td>54,064</td></tr><tr><td>Income from continuing operations</td><td>27,701</td><td>43,401</td><td>45,779</td><td>35,302</td></tr><tr><td>(Loss) income from discontinued operations</td><td>(462)</td><td>(766)</td><td>1,029</td><td>(236)</td></tr><tr><td>Net income</td><td>27,239</td><td>42,635</td><td>46,808</td><td>35,066</td></tr><tr><td>Less: Income from continuing operations attributable to</td><td></td><td></td><td></td><td></td></tr><tr><td>noncontrolling interest</td><td>201</td><td>194</td><td>234</td><td>238</td></tr><tr><td>Net income attributable to common shareholders</td><td>27,038</td><td>42,441</td><td>46,574</td><td>34,828</td></tr><tr><td>EEarnings F per share available to common shareholders</td><td></td><td></td><td></td><td></td></tr><tr><td>basic'</td><td></td><td></td><td></td><td></td></tr><tr><td>Income from continuing operations</td><td>S 0.67</td><td>$ 1.05</td><td>$ 1.11</td><td>S 0.85</td></tr><tr><td>(Loss) income from discontinued operations</td><td>(0.01)</td><td>(0.02)</td><td>0.02</td><td></td></tr><tr><td>Net income</td><td>S 0.66</td><td>$ 1.03</td><td>S 1.13</td><td>S 0.85</td></tr><tr><td>Earnings per share available to common shareholders</td><td></td><td></td><td></td><td></td></tr><tr><td>diluted</td><td></td><td></td><td></td><td></td></tr><tr><td>Income from continuing operations</td><td>S 0.64</td><td>$ 0.99</td><td>S 1.05</td><td>S 0.78</td></tr><tr><td>(Loss) income from discontinued operations</td><td>(0.01)</td><td>(0.01)</td><td>0.03</td><td>(0.01)</td></tr><tr><td>Net income</td><td>5 0.63</td><td>$ 0.98</td><td>S 1.08</td><td>S 0.77</td></tr></tbody></table>",158,nested_column,,D: 0.5-0.8
fintab_001032,medium,0.4872,0.6923,3.606,"<table><thead><tr><th></th><th>December 30, 2006</th><th></th><th>December 31, 2005</th><th></th></tr></thead><tbody><tr><td></td><td>Carrying</td><td>Fair</td><td>Carrying</td><td>Fair</td></tr><tr><td></td><td>Amount</td><td>Value</td><td>Amount</td><td>Value</td></tr><tr><td>Cash and cash equivalents</td><td>S337,321</td><td>S337,321</td><td>S334,352</td><td>S334,352</td></tr><tr><td>Restricted cash</td><td>1,525</td><td>1,525</td><td>1,356</td><td>1,356</td></tr><tr><td>Marketable securities</td><td>480,876</td><td>480,876</td><td>376,723</td><td>376,723</td></tr></tbody></table>",25,normal,,C: 0.3-0.5
fintab_000561,medium,0.3605,0.6047,5.587,"<table><thead><tr><th></th><th></th><th>Options Outstanding</th><th></th><th colspan=""2"">Options Exercisable</th></tr><tr><th></th><th></th><th>Weighted-</th><th></th><th></th><th></th></tr><tr><th></th><th>Options</th><th>Average</th><th>Weighted</th><th>Options</th><th>Weighted</th></tr></thead><tbody><tr><td></td><td>Outstanding as of</td><td>Remaining</td><td>Average</td><td>Exercisable as of</td><td>Average</td></tr><tr><td></td><td>September 25,</td><td>Contractual</td><td>Exercise</td><td>September 25,</td><td>Exercise</td></tr><tr><td></td><td>2004</td><td>Life in Years</td><td>Price</td><td>2004</td><td>Price</td></tr><tr><td>S0.83-S15.59</td><td>6,426</td><td>4.65</td><td>S12.26</td><td>4,958</td><td>S11.59</td></tr><tr><td>S15.60-S18.50</td><td>15,729</td><td>5.87</td><td>$17.94</td><td>12,969</td><td>S18.04</td></tr><tr><td>S18.51-S20.54</td><td>9,998</td><td>6.91</td><td>820.26</td><td>5,769</td><td>S20.25</td></tr><tr><td>S20.55-S22.76</td><td>15,109</td><td>6.23</td><td>$22.20</td><td>1,401</td><td>S21.77</td></tr><tr><td>S22.77-869.78</td><td>8,099</td><td>6.24</td><td>832.90</td><td>4,926</td><td>S36.46</td></tr><tr><td>S0.83-869.78</td><td>55,361</td><td>6.07</td><td>821.05</td><td>30,023</td><td>S20.59</td></tr></tbody></table>",59,nested_column,,C: 0.3-0.5
fintab_001738,medium,0.8953,0.9535,8.548,"<table><thead><tr><th></th><th colspan=""2"">December 31,</th></tr></thead><tbody><tr><td></td><td>2018</td><td>2017</td></tr><tr><td>Deferred tax assets:</td><td></td><td></td></tr><tr><td>Operating loss carryforwards</td><td>2,420</td><td>$ 2,409</td></tr><tr><td>Leases</td><td>2,176</td><td>107</td></tr><tr><td>Pensions</td><td>1,421</td><td>1,549</td></tr><tr><td>Loyalty program liability</td><td>1,770</td><td>1,809</td></tr><tr><td>Alternative minimum tax (AMT) credit carryforwards</td><td>231</td><td>457</td></tr><tr><td>Postretirement benefits other than pensions</td><td>145</td><td>170</td></tr><tr><td>Rent expense</td><td>136</td><td>160</td></tr><tr><td>Reorganization items</td><td>33</td><td>35</td></tr><tr><td>Other</td><td>588</td><td>638</td></tr><tr><td>Total deferred tax assets</td><td>8,920</td><td>7,334</td></tr><tr><td>Valuation allowance</td><td>(19)</td><td>(25)</td></tr><tr><td>Net deferred tax assets</td><td>8,901</td><td>7,309</td></tr><tr><td>Deferred tax liabilities:</td><td></td><td></td></tr><tr><td>Accelerated depreciation and amortization</td><td>(5,243)</td><td>(4,999)</td></tr><tr><td>Leases</td><td>(2,068)</td><td></td></tr><tr><td>Other</td><td>(321)</td><td>(274)</td></tr><tr><td>Total deferred tax liabilities</td><td>(7,632)</td><td>(5,273)</td></tr><tr><td>Net deferred tax asset</td><td>$ 1,269</td><td>S 2,036</td></tr></tbody></table>",55,normal,,E: >=0.8
fintab_000621,medium,0.3519,0.5185,2.894,"<table><thead><tr><th></th><th></th><th colspan=""3""></th><th></th><th></th><th></th></tr></thead><tbody><tr><td></td><td></td><td colspan=""2""></td><td></td><td></td><td></td><td></td></tr><tr><td>(in millions)</td><td></td><td>2015</td><td></td><td>2014</td><td></td><td>Variance</td><td>%</td></tr><tr><td>Net revenues</td><td>S</td><td>73,908</td><td>S</td><td>80,106</td><td>S</td><td>(6,198)</td><td>(7.7)%</td></tr><tr><td>Excise taxes on products</td><td></td><td>47,114</td><td></td><td>50,339</td><td></td><td>(3,225)</td><td>(6.4)%</td></tr><tr><td>Net revenues, excluding excise taxes on products</td><td>S</td><td>26,794</td><td>S</td><td>29,767</td><td>S</td><td>(2,973_</td><td>10.0)%</td></tr></tbody></table>",28,normal,,C: 0.3-0.5
fintab_001793,medium,0.3913,0.6957,1.552,"<table><thead><tr><th></th><th>December 31,</th><th></th></tr></thead><tbody><tr><td></td><td>2016</td><td>2015</td></tr><tr><td>AAG (1)</td><td>S 8,981</td><td>$ 4,489</td></tr><tr><td>AAG's wholly-owned subsidiaries</td><td>(2,171</td><td>(2,508)</td></tr><tr><td>Total</td><td>$ 6,810</td><td>$ 1,981</td></tr></tbody></table>",12,normal,,C: 0.3-0.5
fintab_002298,extreme,0.0595,0.1161,32.154,"<table><thead><tr><th></th><th></th><th></th><th>Approx:</th></tr><tr><th></th><th></th><th></th><th>Capital</th></tr><tr><th>Asset or project</th><th>Description</th><th>Activity</th><th>Scope</th></tr></thead><tbody><tr><td>Utopia Pipeline</td><td>New 270 mile pipeline, supported by long-term</td><td>Placed in service January</td><td>S275</td></tr><tr><td></td><td>transportation contracts, to transport ethane and ethane-</td><td>2018.</td><td>million</td></tr><tr><td></td><td>propane mixtures from the prolific Utica Shale, with a</td><td></td><td></td></tr><tr><td></td><td>design capacity of 50 MBbild, expandable to more than 75</td><td></td><td></td></tr><tr><td></td><td>MBbld We own a 50% interest in and operate Utopia</td><td></td><td></td></tr><tr><td></td><td>Holding LL.C Riverstone Investment Group LLC owns</td><td></td><td></td></tr><tr><td></td><td>the remaining 50% interest:</td><td></td><td></td></tr><tr><td>TGP Southwest Louisiana</td><td>Expansion project to provide 900,000 Dth/d of incremental</td><td>Placed in service March</td><td>S175</td></tr><tr><td>Supply</td><td>firm transportation capacity from multiple supply basins to</td><td>2018.</td><td>million</td></tr><tr><td></td><td>the Cameron LNG export facility in Cameron Parish,</td><td></td><td></td></tr><tr><td></td><td>Louisiana. Subscribed under long-term firm transportation</td><td></td><td></td></tr><tr><td></td><td>contracts_</td><td></td><td></td></tr><tr><td>KMLP Sabine Pass</td><td>Expansion project to provide 600,000 Dth/d of incremental</td><td>Placed in service December</td><td>S133</td></tr><tr><td>Expansion</td><td>firm transportation capacity from various receipt points to</td><td>2018.</td><td>million</td></tr><tr><td></td><td>Cheniere s Sabine Pass Liquefaction Terminal in Cameron</td><td></td><td></td></tr><tr><td></td><td>Parish; Louisiana.  Subscribed under long-term firm</td><td></td><td></td></tr><tr><td></td><td>transportation contracts.</td><td></td><td></td></tr><tr><td>SNG Fairburn Expansion</td><td>Expansion project in Georgia to provide 370,000 Dth/d of</td><td>Placed in service December</td><td>S122</td></tr><tr><td></td><td>incremental long-term firm transportation capacity into the</td><td>2018.</td><td>million</td></tr><tr><td></td><td>Southeast market, and includes the construction of a new</td><td></td><td></td></tr><tr><td></td><td>compressor station, 6.5 miles of new pipeline and new</td><td></td><td></td></tr><tr><td></td><td>meter stations_</td><td></td><td></td></tr><tr><td>TGP Lone Star</td><td>Expansion project to provide 300,000 Dth/d of incremental</td><td>Placed in service December</td><td>S106</td></tr><tr><td></td><td>firm transportation capacity from Mississippi receipt points</td><td>2018.</td><td>million</td></tr><tr><td></td><td>to Cheniere ""S Corpus Christi LNG export facility in</td><td></td><td></td></tr><tr><td></td><td>Jackson County, Texas   Subscribed under long-term firm</td><td></td><td></td></tr><tr><td></td><td>transportation contracts.</td><td></td><td></td></tr><tr><td>NGPL Gulf Coast</td><td>Expansion project to provide 460,000 Dth/d of incremental</td><td>Partially in service April</td><td>S88</td></tr><tr><td>Southbound Expansion</td><td>firm transportation capacity from various interstate</td><td>2017 (75,000 Dthld):</td><td>million</td></tr><tr><td></td><td>pipeline interconnects in Illinois, Arkansas and Texas, to</td><td>Remaining (385,000 Dth/d)</td><td></td></tr><tr><td></td><td>points south on NGPL s pipeline system to serve growing</td><td>placed in service October</td><td></td></tr><tr><td></td><td>demand in the Gulf Coast area_ Subscribed under</td><td>long- 2018.</td><td></td></tr><tr><td></td><td>term firm transportation contracts.</td><td></td><td></td></tr><tr><td>Other Announcements</td><td></td><td></td><td></td></tr><tr><td>Natural Gas Pipelines</td><td></td><td></td><td></td></tr><tr><td>ELC and SLNG</td><td>Building of new natural gas liquefaction and export</td><td>First of 10 liquefaction units</td><td>S1.2</td></tr><tr><td>Expansion</td><td>facilities at our SLNG natural gas terminal on Elba Island,</td><td>expected to be placed in</td><td>billion</td></tr><tr><td></td><td>near Savannah, Georgia, with a total capacity of 2.5</td><td>service at the end of first</td><td></td></tr><tr><td></td><td>million tonnes per year of LNG, equivalent to</td><td>quarter 2019 with the</td><td></td></tr><tr><td></td><td>approximately 357,000 Dth/d of natural gas. Supported by</td><td>remaining 9 units to come</td><td></td></tr><tr><td></td><td>long-term firm contract with Shell:</td><td>online throughout 2019.</td><td></td></tr><tr><td>Permian Highway</td><td>Joint venture pipeline project (KMTP 50% and BCP PHP;</td><td>Expected in-service date</td><td>S572</td></tr><tr><td>Pipeline Project (PHP</td><td>LLC (BCP) 50% ownership interest) is designed to</td><td>fourth quarter 2020, pending</td><td>million</td></tr><tr><td>Project)c)</td><td>transport up to 2.1 Bcfld of natural gas through</td><td>regulatory approvals.</td><td></td></tr><tr><td></td><td>approximately 430 miles of 42-inch pipeline from the</td><td></td><td></td></tr><tr><td></td><td>Waha, Texas area to the U.S. Gulf Coast and Mexico</td><td></td><td></td></tr><tr><td></td><td>markets. Subscribed under long-term firm transportation</td><td></td><td></td></tr><tr><td></td><td>contracts_</td><td></td><td></td></tr><tr><td>Gulf Coast Express</td><td>Joint venture pipeline project (KMTP 35%, DCP</td><td>The first 9 miles of the</td><td>S637</td></tr><tr><td>Pipeline Project (GCX</td><td>Midstream, LP 25%, an affiliate of Targa Resources</td><td>Corp_ Midland Lateral were placed</td><td>million</td></tr><tr><td>Project)</td><td>25% and Altus Midstream Company 15% ownership</td><td>in service in August 2018</td><td></td></tr><tr><td></td><td>interest) to provide up to 1.98 Bcfld of transportation</td><td>with the remaining 40 miles</td><td></td></tr><tr><td></td><td>capacity from the Permian Basin to the Agua Dulce, Texas</td><td>to be placed in-service in</td><td></td></tr><tr><td></td><td>area. Subscribed under long-term firm transportation</td><td>April 2019. Expected full</td><td></td></tr><tr><td></td><td>contracts_</td><td>in-service date of the project</td><td></td></tr><tr><td></td><td></td><td>is October 2019.</td><td></td></tr><tr><td>Texas Intrastate Crossover</td><td>Expansion project that provides over 1,000,000 Dth/d of</td><td>Phase 1 was placed in</td><td>S298</td></tr><tr><td>Expansion</td><td>transportation capacity from the Katy Hub, the Company'$</td><td>service in September 2016.</td><td>million</td></tr><tr><td></td><td>Houston Central processing plant; and other third-party</td><td>Phase 2 is expected to be</td><td></td></tr><tr><td></td><td>receipt points to serve customers in Texas and Mexico</td><td>placed in service by second</td><td></td></tr><tr><td></td><td>Phase I is supported by long-term firm transportation</td><td>quarter 2020.</td><td></td></tr><tr><td></td><td>contracts of nearly 700,000 Dth/d, including a contract</td><td></td><td></td></tr><tr><td></td><td>with Comision Federal de Electricidad. Phase 2, which is</td><td></td><td></td></tr><tr><td></td><td>supported by long-term firm transportation contracts with</td><td></td><td></td></tr><tr><td></td><td>Cheniere Energy: Inc; at its Corpus Christi LNG facility</td><td></td><td></td></tr><tr><td></td><td>and SK E&S LNG, LLC, that will provide service to the</td><td></td><td></td></tr><tr><td></td><td>Freeport LNG export facility and other domestic markets.</td><td></td><td></td></tr></tbody></table>",148,nested_column,,B: <0.3
fintab_001921,medium,0.8571,0.9714,17.164,"<table><thead><tr><th></th><th>December 31,</th><th></th></tr></thead><tbody><tr><td></td><td>2015</td><td>2014</td></tr><tr><td>Assets</td><td></td><td></td></tr><tr><td>Current assets:</td><td></td><td></td></tr><tr><td>Cash and cash equivalents</td><td>$ 37.6 S</td><td>344.5</td></tr><tr><td>Accounts receivable, net of allowance for doubtful accounts of S6.0 and $5.7, respectively</td><td>2,017.4</td><td>1,561.1</td></tr><tr><td>Merchandise inventory</td><td>393.1</td><td>337.</td></tr><tr><td>Miscellaneous receivables</td><td>198.4</td><td>155.6</td></tr><tr><td>Prepaid expenses and other</td><td>144.3</td><td>54.7</td></tr><tr><td>Total current assets</td><td>2,790.8</td><td>2,453.4</td></tr><tr><td>Property and equipment; net</td><td>175.4</td><td>137.2</td></tr><tr><td>Equity investments</td><td></td><td>86.7</td></tr><tr><td>Goodwill</td><td>2,500.4</td><td>2,217.6</td></tr><tr><td>Other intangible assets, net</td><td>1,276.4</td><td>1,168.8</td></tr><tr><td>Other assets</td><td>12.3</td><td>12.2</td></tr><tr><td>Total assets</td><td>6,755.3</td><td>6,075.9</td></tr><tr><td>Liabilities and Stockholders' Equity</td><td></td><td></td></tr><tr><td>Current liabilities:</td><td></td><td></td></tr><tr><td>Accounts payable-trade</td><td>866.5 S</td><td>704.0</td></tr><tr><td>Accounts payable-inventory financing</td><td>439.6</td><td>332.1</td></tr><tr><td>Current maturities of long-term debt</td><td>27.2</td><td>15.4</td></tr><tr><td>Deferred revenue</td><td>151.9</td><td>81.3</td></tr><tr><td>Accrued expenses:</td><td></td><td></td></tr><tr><td>Compensation</td><td>120.4</td><td>130.1</td></tr><tr><td>Interest</td><td>25.1</td><td>28.1</td></tr><tr><td>Sales taxes</td><td>38.1</td><td>29.1</td></tr><tr><td>Advertising</td><td>52.3</td><td>34.0</td></tr><tr><td>Other</td><td>166.2</td><td>113.9</td></tr><tr><td>Total current liabilities</td><td>1,887.3</td><td>1,468.0</td></tr><tr><td>Long-term liabilities:</td><td></td><td></td></tr><tr><td>Debt</td><td>3,232.5</td><td>3,150.6</td></tr><tr><td>Deferred income taxes</td><td>469.6</td><td>475.0</td></tr><tr><td>Other liabilities</td><td>70.0</td><td>45.8</td></tr><tr><td>Total long-term liabilities</td><td>3,772.1</td><td>3,671.4</td></tr><tr><td>Commitments and contingencies (Note 14)</td><td></td><td></td></tr><tr><td>Stockholders' equity:</td><td></td><td></td></tr><tr><td>Preferred stock; SO.01 par value, 100.0 shares authorized; and no shares issued or outstanding for both periods</td><td></td><td></td></tr><tr><td>Common stock; SO.O1 par value, 1,000.0 shares authorized; 168.2 and 172.2 shares issued and outstanding, respectively</td><td>1.7</td><td>1.7</td></tr><tr><td>Paid-in capital</td><td>2,806.9</td><td>2,711.9</td></tr><tr><td>Accumulated deficit</td><td>(1,651.6)</td><td>(1,760.5)</td></tr><tr><td>Accumulated other comprehensive loss</td><td>(61.1)</td><td>(16.6)</td></tr><tr><td>Total stockholders' equity</td><td>1,095.9</td><td>936.5</td></tr><tr><td>Total liabilities and stockholders' equity</td><td>6,755.3</td><td>6,075.9</td></tr></tbody></table>",107,normal,,E: >=0.8
fintab_000964,medium,0.75,0.9219,13.123,"<table><thead><tr><th></th><th></th><th>Fiscal Year Ended</th><th></th></tr></thead><tbody><tr><td></td><td>December 27,</td><td>December 29,</td><td>December 30,</td></tr><tr><td></td><td>2008</td><td>2007</td><td>2006</td></tr><tr><td>Net sales</td><td>S3,494,077</td><td>S3,180,319</td><td>S1,774,000</td></tr><tr><td>Cost   of goods sold</td><td>1,940,562</td><td>1,717,064</td><td>891,614</td></tr><tr><td>Gross profit</td><td>1,553,515</td><td>1,463,255</td><td>882,386</td></tr><tr><td>Selling; general and administrative expenses</td><td>485,389</td><td>396,498</td><td>214,513</td></tr><tr><td>Research and development expense</td><td>206.L 109</td><td>159,406</td><td>113,314</td></tr><tr><td></td><td>691,498</td><td>555,904</td><td>327,827</td></tr><tr><td>Operating income</td><td>862,017</td><td>907,351</td><td>554,559</td></tr><tr><td>Other income (expense):</td><td></td><td></td><td></td></tr><tr><td>Interest income</td><td>35,535</td><td>41,995</td><td>35,897</td></tr><tr><td>Interest expense</td><td>(607)</td><td>(207)</td><td>(41)</td></tr><tr><td>Foreign currency</td><td>(35,286)</td><td>22,964</td><td>596</td></tr><tr><td>Gain on sale of equity securities</td><td>50,884</td><td>5,101</td><td>3,852</td></tr><tr><td>Other</td><td>1,823</td><td>1,069</td><td>(309)</td></tr><tr><td></td><td>52,349</td><td>70,922</td><td>39,995</td></tr><tr><td>Income before income taxes</td><td>914,366</td><td>978,273</td><td>594,554</td></tr><tr><td>Income tax provision (benefit): (Note 6)</td><td></td><td></td><td></td></tr><tr><td>Current</td><td>136,252</td><td>179,355</td><td>113,226</td></tr><tr><td>Deferred</td><td>45,266</td><td>(56,093,</td><td>(32,795)</td></tr><tr><td></td><td>181,518</td><td>123,262</td><td>80,431</td></tr><tr><td>Net income</td><td>S732,848</td><td>S855,011</td><td>S514,123</td></tr><tr><td>Basic net income per share (Note 10)</td><td>S3.51</td><td>S3.95</td><td>S2.38</td></tr><tr><td>Diluted net income per share (Note 10)</td><td>S3.48</td><td>S3.89</td><td>S2.35</td></tr></tbody></table>",86,normal,,D: 0.5-0.8
fintab_001655,extreme,0.4184,0.7449,5.532,"<table><thead><tr><th></th><th></th><th></th><th></th><th>Year Ended December 31</th><th></th><th></th></tr></thead><tbody><tr><td></td><td></td><td>2015</td><td>2014</td><td>2013</td><td>2012</td><td>2011</td></tr><tr><td></td><td></td><td></td><td></td><td>(In millions)</td><td></td><td></td></tr><tr><td>Operating income (loss)</td><td>GAAP</td><td>S 6,204</td><td>S4,249</td><td>S 1,399</td><td>S 148</td><td>S(1,037)</td></tr><tr><td>Operating special items, net (1)</td><td></td><td>1,080</td><td>824</td><td>536</td><td>387</td><td>799</td></tr><tr><td>Operating income (loss) excluding</td><td>special items</td><td>S 7.,284</td><td>S5,073</td><td>S 1,935</td><td>S 535</td><td>S (238)</td></tr><tr><td>Net income (loss) GAAP</td><td></td><td>S 7,610</td><td>S2,882</td><td>S(1,834)</td><td>S(1,876)</td><td>S(1,979)</td></tr><tr><td>Operating special items, net (1)</td><td></td><td>1,080</td><td>824</td><td>536</td><td>387</td><td>799</td></tr><tr><td>Nonoperating special items, net (2</td><td></td><td>594</td><td>132</td><td>211</td><td>(280)</td><td></td></tr><tr><td>Reorganization items, net (3</td><td></td><td></td><td></td><td>2,655</td><td>2,208</td><td>118</td></tr><tr><td>Income tax special items</td><td></td><td>(3.015)</td><td>346</td><td>(324)</td><td>(569</td><td></td></tr><tr><td colspan=""2"">Net income (loss) excluding special items</td><td>S 6.269</td><td>S4,184</td><td>S 1,244</td><td>S (130)</td><td>S(1,062)</td></tr></tbody></table>",59,normal,,C: 0.3-0.5
fintab_000774,medium,0.4435,0.6452,18.8,"<table><thead><tr><th></th><th></th><th>Page</th></tr><tr><th>Part I</th><th></th><th></th></tr></thead><tbody><tr><td>Item 1.</td><td>Business</td><td>2</td></tr><tr><td>Item IA-</td><td>Risk Factors</td><td>8</td></tr><tr><td>Item IB.</td><td>Unresolved Staff Comments</td><td>14</td></tr><tr><td>Item 2</td><td>Properties</td><td>15</td></tr><tr><td>Item 3_</td><td>Legal Proceedings _</td><td>16</td></tr><tr><td>Item 4</td><td>Mine Safety Disclosures</td><td>16</td></tr><tr><td>Part II:</td><td></td><td></td></tr><tr><td>Item 5</td><td>Market for the Registrant's Common Equity, Related Stockholder Matters and Issuer</td><td></td></tr><tr><td></td><td>Purchases of Equity Securities _</td><td>17</td></tr><tr><td>Item 6_</td><td>Selected Consolidated Financial Data .</td><td>19</td></tr><tr><td>Item 7.</td><td>Management's Discussion and Analysis of Financial Condition and Results of</td><td></td></tr><tr><td></td><td>Operations</td><td>21</td></tr><tr><td>Item 7A.</td><td>Quantitative and Qualitative Disclosures About Market Risks</td><td>35</td></tr><tr><td>Item 8_</td><td>Financial Statements and Supplementary Data.</td><td>36</td></tr><tr><td>Item 9</td><td>Changes in and Disagreements with Accountants on Accounting and Financial</td><td></td></tr><tr><td></td><td>Disclosure .</td><td>36</td></tr><tr><td>Item 9A_</td><td>Controls and Procedures</td><td>36</td></tr><tr><td>Item 9B.</td><td>Other Information</td><td>36</td></tr><tr><td>Part III:</td><td></td><td></td></tr><tr><td>Item 10.</td><td>Directors, Executive Officers and Corporate Governance _</td><td>37</td></tr><tr><td>Item 11.</td><td>Executive Compensation.</td><td>37</td></tr><tr><td>Item 12.</td><td>Security Ownership of Certain Beneficial Owners and Management and Related</td><td></td></tr><tr><td></td><td>Stockholder Matters _</td><td>37</td></tr><tr><td>Item 13.</td><td>Certain Relationships and Related Transactions, and Director Independence.</td><td>37</td></tr><tr><td>Item 14.</td><td>Principal Accountant Fees and Services</td><td>37</td></tr><tr><td>Part IV</td><td></td><td></td></tr><tr><td>Item 15.</td><td>Exhibits, Financial Statement Schedules</td><td>38</td></tr></tbody></table>",69,nested_column,,C: 0.3-0.5
fintab_002202,medium,0.3231,0.5385,13.711,"<table><thead><tr><th></th><th></th><th></th><th>Number of</th><th></th><th></th></tr><tr><th></th><th></th><th></th><th>Terminals</th><th>Terminal</th><th></th></tr><tr><th></th><th>Ownership</th><th>Miles of</th><th>(a) or</th><th>Capacity</th><th></th></tr></thead><tbody><tr><td></td><td>Interest %</td><td>Pipeline</td><td>locations</td><td>(MMBbl)</td><td>Supply and Market Region</td></tr><tr><td>Plantation pipeline</td><td>51</td><td>3,182</td><td></td><td>Louisiana to</td><td>Washington D.C.</td></tr><tr><td colspan=""2"">West Coast Products Pipelines(b)</td><td></td><td></td><td></td><td></td></tr><tr><td>Pacific (SFPP)</td><td>100</td><td>2,823</td><td>13</td><td>15.3 six western states</td><td></td></tr><tr><td>Calnev</td><td>100</td><td>570</td><td>2</td><td>2.1 Colton, CA to Las</td><td>Vegas; NV; Mojave region</td></tr><tr><td>West Coast</td><td>100</td><td>43</td><td>6</td><td colspan=""2"">9.2</td></tr><tr><td>Terminals</td><td></td><td></td><td></td><td></td><td></td></tr><tr><td>Cochin pipeline</td><td>100</td><td>1,877</td><td>5</td><td colspan=""2"">1.1</td></tr><tr><td>KM Crude &</td><td>100</td><td>252</td><td>2</td><td colspan=""2"">1.2</td></tr><tr><td>Condensate</td><td></td><td></td><td></td><td>to the Houston</td><td>ship channel refining complex</td></tr><tr><td>pipeline</td><td></td><td></td><td></td><td></td><td></td></tr><tr><td>Central Florida</td><td>100</td><td>206</td><td>2</td><td>2.5 Tampa to Orlando</td><td></td></tr><tr><td>pipeline</td><td></td><td></td><td></td><td></td><td></td></tr><tr><td>Double Eagle</td><td>50</td><td>194</td><td></td><td>0.4 Live Oak County</td><td>Texas; Corpus Christi, Texas;</td></tr><tr><td>pipeline</td><td></td><td></td><td></td><td colspan=""2""></td></tr><tr><td>Parkway</td><td>50</td><td>140</td><td></td><td colspan=""2""></td></tr><tr><td></td><td></td><td></td><td></td><td>markets</td><td></td></tr><tr><td>Cypress pipeline</td><td>50</td><td>104</td><td></td><td colspan=""2""></td></tr><tr><td>Southeast Terminals</td><td>100</td><td></td><td>28</td><td>9.1 from</td><td>Mississippi through Virginia, including</td></tr><tr><td></td><td></td><td></td><td></td><td>Tennessee</td><td></td></tr><tr><td>Kinder Morgan</td><td>100</td><td></td><td></td><td colspan=""2""></td></tr><tr><td>Assessment</td><td></td><td></td><td></td><td>outside customers</td><td></td></tr><tr><td>Protocol (KMAP)</td><td></td><td></td><td></td><td></td><td></td></tr><tr><td>Transmix Operations</td><td>100</td><td></td><td></td><td colspan=""2"">1.5</td></tr><tr><td></td><td></td><td></td><td></td><td colspan=""2""></td></tr><tr><td></td><td></td><td></td><td></td><td colspan=""2""></td></tr></tbody></table>",92,nested_column,,C: 0.3-0.5
fintab_001161,extreme,0.6667,0.8158,7.34,"<table><thead><tr><th></th><th></th><th colspan=""2"">Year Ended December 31,</th><th></th><th></th><th></th></tr></thead><tbody><tr><td></td><td>2017</td><td></td><td>2016</td><td></td><td>Change in</td><td></td></tr><tr><td></td><td></td><td>% of</td><td></td><td>% of</td><td></td><td></td></tr><tr><td></td><td>S</td><td>Revenue</td><td>$</td><td>Revenue</td><td>S</td><td></td></tr><tr><td>Revenue</td><td></td><td></td><td></td><td></td><td></td><td></td></tr><tr><td>Product</td><td>S 1,432,810</td><td>87.0% S</td><td>991,337</td><td>87.8% S</td><td>441,473</td><td>44.5%/</td></tr><tr><td>Service</td><td>213,376</td><td>13.0</td><td>137,830</td><td>12.2</td><td>75,546</td><td>54.8</td></tr><tr><td>Total revenue</td><td>1,646,186</td><td>100.0</td><td>1,129,167</td><td>100.0</td><td>517,019</td><td>45.8</td></tr><tr><td>Cost of revenue</td><td></td><td></td><td></td><td></td><td></td><td></td></tr><tr><td>Product</td><td>538,035</td><td>32.7</td><td>369,768</td><td>32.8</td><td>168,267</td><td>45.5</td></tr><tr><td>Service</td><td>46,382</td><td>2.8</td><td>36,283</td><td>3.2</td><td>10,099</td><td>27.8</td></tr><tr><td>Total cost of revenue</td><td>584,417</td><td>35.5</td><td>406,051</td><td>36.0</td><td>178,366</td><td>43.9</td></tr><tr><td>Gross profit</td><td>$ 1,061,769</td><td>64.5% S</td><td>723,116</td><td>64.0% S</td><td>338,653</td><td>46.8%/</td></tr><tr><td>Gross margin</td><td>64.5%</td><td></td><td>64.0%</td><td></td><td></td><td></td></tr></tbody></table>",65,normal,,D: 0.5-0.8
fintab_001829,medium,0.847,0.9563,14.865,"<table><thead><tr><th></th><th></th><th>Year Ended December 31_</th><th></th></tr></thead><tbody><tr><td></td><td>2016</td><td>2015</td><td>2014</td></tr><tr><td>Operating revenues:</td><td></td><td></td><td></td></tr><tr><td>Mainline passenger</td><td>5 27,909</td><td>S 29,037</td><td>30,802</td></tr><tr><td>Regional passenger</td><td>6,670</td><td>6,475</td><td>6,322</td></tr><tr><td>Cargo</td><td>700</td><td>760</td><td>875</td></tr><tr><td>Other</td><td>4,901</td><td>4,718</td><td>4,651</td></tr><tr><td>Total operating revenues</td><td>40,180</td><td>40,990</td><td>42,650</td></tr><tr><td>Operating expenses:</td><td></td><td></td><td></td></tr><tr><td>Aircraft fuel and related taxes</td><td>5,071</td><td>6,226</td><td>10,592</td></tr><tr><td>Salaries wages and benefits</td><td>10,890</td><td>9,524</td><td>8,508</td></tr><tr><td>Regional expenses</td><td>6,044</td><td>5,983</td><td>6,516</td></tr><tr><td>Maintenance, materials and repairs</td><td>1,834</td><td>1,889</td><td>2,051</td></tr><tr><td>Other rent and landing fees</td><td>1,772</td><td>1,731</td><td>1,727</td></tr><tr><td>Aircraft rent</td><td>1,203</td><td>1,250</td><td>1,,250</td></tr><tr><td>Selling expenses</td><td>1,323</td><td>1,394</td><td>1,544</td></tr><tr><td>Depreciation and amortization</td><td>1,525</td><td>1,364</td><td>1,295</td></tr><tr><td>Special items, net</td><td>709</td><td>1,051</td><td>800</td></tr><tr><td>Other</td><td>4,525</td><td>4,374</td><td>4,118</td></tr><tr><td>Total operating expenses</td><td>34,896</td><td>34,786</td><td>38,401</td></tr><tr><td>Operating income</td><td>5,284</td><td>6,204</td><td>4,249</td></tr><tr><td>Nonoperating income (expense):</td><td></td><td></td><td></td></tr><tr><td>Interest income</td><td>63</td><td>39</td><td>31</td></tr><tr><td>Interest expense, net of capitalized interest</td><td>(991)</td><td>(880)</td><td>(887)</td></tr><tr><td>Other;, net</td><td>(52)</td><td>(747)</td><td>(181)</td></tr><tr><td>Total nonoperating expense, net</td><td>(985)</td><td>(1,588,</td><td>(1,037)</td></tr><tr><td>Income before income taxes</td><td>4,299</td><td>4,616</td><td>3,212</td></tr><tr><td>Income tax provision (benefit)</td><td>1,623</td><td>(2,994)</td><td>330</td></tr><tr><td>Net income</td><td>2,676</td><td>5 7,610</td><td>S 2,882</td></tr><tr><td>Earnings per common share:</td><td></td><td></td><td></td></tr><tr><td>Basic</td><td>5 4.85</td><td>5 11.39</td><td>4.02</td></tr><tr><td>Diluted</td><td>S 4.81</td><td>S 11.07</td><td>3.93</td></tr><tr><td>Weighted average shares outstanding (in thousands):</td><td></td><td></td><td></td></tr><tr><td>Basic</td><td>552,308</td><td>668,393</td><td>717,456</td></tr><tr><td>Diluted</td><td>556,099</td><td>687,355</td><td>734,016</td></tr><tr><td>Cash dividends declared per common share</td><td>5 0.40</td><td>S 0.40</td><td>$ 0.20</td></tr></tbody></table>",125,normal,,E: >=0.8
fintab_000697,extreme,0.5,0.675,9.658,"<table><thead><tr><th></th><th></th><th colspan=""2"">Pre-Tax</th><th></th></tr><tr><th></th><th>At</th><th></th><th></th><th></th></tr></thead><tbody><tr><td>(in millions)</td><td>December 31, 2018</td><td>Average</td><td>High</td><td>Low</td></tr><tr><td>Instruments sensitive to:</td><td></td><td></td><td></td><td></td></tr><tr><td>Foreign currency rates</td><td>S19</td><td>S20</td><td>823</td><td>S19</td></tr><tr><td></td><td></td><td>Fair Value Impact</td><td></td><td></td></tr><tr><td></td><td>At</td><td></td><td></td><td></td></tr><tr><td>(in millions)</td><td>December 31, 2018</td><td>Average</td><td>High</td><td>Low</td></tr><tr><td>Instruments sensitive to:</td><td></td><td></td><td></td><td></td></tr><tr><td>Interest rates</td><td>S142</td><td>S132</td><td>S152</td><td>S96</td></tr><tr><td></td><td></td><td colspan=""2"">Pre-Tax</td><td></td></tr><tr><td></td><td>At</td><td></td><td></td><td></td></tr><tr><td>(in millions)</td><td>December 31, 2017</td><td>Average</td><td>High</td><td>Low</td></tr><tr><td>Instruments sensitive to:</td><td></td><td></td><td></td><td></td></tr><tr><td>Foreign currency rates</td><td>827</td><td>S49</td><td>S58</td><td>S27</td></tr><tr><td></td><td></td><td colspan=""2"">Fair Value Impact</td><td></td></tr><tr><td></td><td>At</td><td></td><td></td><td></td></tr><tr><td>(in millions)</td><td>December 31, 2017</td><td>Average</td><td>High</td><td>Low</td></tr><tr><td>Instruments sensitive to:</td><td></td><td></td><td></td><td></td></tr><tr><td>Interest rates</td><td>8118</td><td>S150</td><td>S173</td><td>S118</td></tr></tbody></table>",54,nested_column,,D: 0.5-0.8
fintab_002170,medium,0.5714,0.7857,2.106,"<table><thead><tr><th></th><th></th><th>Depreciation & Amortization</th><th></th></tr></thead><tbody><tr><td>Fiscal year ended September 30,</td><td>2005</td><td>2004</td><td>2003</td></tr><tr><td>Pharmaceutical Distribution</td><td>S64,404</td><td>S58,358</td><td>S51,604</td></tr><tr><td>PharMerica</td><td>16,795</td><td>15,067</td><td>17,593</td></tr><tr><td>Total depreciation and amortization</td><td>S81,199</td><td>S73,425</td><td>S69,197</td></tr></tbody></table>",17,normal,,D: 0.5-0.8
fintab_000602,medium,0.6379,0.7414,7.105,"<table><thead><tr><th></th><th>North Africa</th><th>Key Market Data</th><th></th></tr><tr><th></th><th></th><th>Full-Year</th><th></th></tr><tr><th></th><th></th><th></th><th>Change</th></tr></thead><tbody><tr><td></td><td>2045</td><td>2014</td><td>% Lpp</td></tr><tr><td>Total Cigarette Market (billion units)</td><td>138.5</td><td>143.3</td><td>(3.4)%</td></tr><tr><td>PMI Shipments (million units)</td><td>38,11</td><td>37,782</td><td>0.9 %</td></tr><tr><td>PMI Cigarette Market Share</td><td></td><td></td><td></td></tr><tr><td>Marlboro</td><td>13.7%</td><td>15.3%</td><td>(1.6)</td></tr><tr><td>L&M</td><td>11.9%</td><td>8.9%</td><td>3.0</td></tr><tr><td>Others</td><td>23%</td><td>1.9%/</td><td>0.4</td></tr><tr><td>Total</td><td>27.9%</td><td>26.1%</td><td>1.8</td></tr></tbody></table>",32,nested_column,,D: 0.5-0.8
fintab_000456,medium,0.1695,0.4576,5.515,<table><thead><tr><th></th><th>2010</th><th></th><th></th><th>2009</th><th></th></tr></thead><tbody><tr><td></td><td>Gross</td><td>Net</td><td>Gross</td><td></td><td>Net</td></tr><tr><td></td><td>Carrying Accumulated</td><td>Carrying</td><td>Carrying</td><td>Accumulated</td><td>Carrying</td></tr><tr><td></td><td>Amount Amortization</td><td>Amount</td><td>Amount</td><td>Amortization</td><td>Amount</td></tr><tr><td>Definite lived and amortizable acquired intangible</td><td></td><td></td><td></td><td></td><td></td></tr><tr><td>assets</td><td>$ 487 (245)</td><td>S 242</td><td>S 323</td><td>(176)</td><td>S 147</td></tr><tr><td>Indefinite lived and unamortizable trademarks</td><td>100</td><td>100</td><td>100</td><td></td><td>100</td></tr><tr><td>Total acquired intangible assets</td><td>$ 587 $ (245)</td><td>S 342</td><td>S 423</td><td>$ (176)</td><td>$ 247</td></tr></tbody></table>,34,normal,,B: <0.3
fintab_001669,extreme,0.4375,0.6094,5.717,"<table><thead><tr><th></th><th></th><th>Fair Value Measurements as of December 31. 2014</th></tr></thead><tbody><tr><td></td><td>Total</td><td>Level Level 2 Level 3</td></tr><tr><td>Short-term investments (1), (2):</td><td></td><td></td></tr><tr><td>Money market funds</td><td>954</td><td>954</td></tr><tr><td>Government agency investments</td><td>10 1</td><td>10 1</td></tr><tr><td>Repurchase agreements</td><td>46</td><td>46</td></tr><tr><td>Corporate obligations</td><td>3,927</td><td>3,927</td></tr><tr><td>Bank notes/certificates of deposit/time deposits</td><td>1281</td><td>1,281</td></tr><tr><td></td><td>6,309</td><td>954 5,355</td></tr><tr><td>Restricted cash and short-term investments</td><td>774</td><td>774</td></tr><tr><td>Total</td><td>$ Z083</td><td>4728 S 5,355</td></tr></tbody></table>",27,normal,,C: 0.3-0.5
fintab_001086,medium,0.4242,0.697,2.871,"<table><thead><tr><th></th><th></th><th>Fiscal Years Ended</th><th></th></tr></thead><tbody><tr><td></td><td>December 31,</td><td>December 25,</td><td>December 27,</td></tr><tr><td></td><td>2005</td><td>2004</td><td>2003</td></tr><tr><td>(S's in thousands)</td><td></td><td></td><td></td></tr><tr><td>Research and development</td><td>S74,879</td><td>S61,580</td><td>S43,706</td></tr><tr><td>Percent of net sales</td><td>7.3%</td><td>8.0%/</td><td>7.6%/</td></tr></tbody></table>",16,normal,,C: 0.3-0.5
fintab_001617,medium,0.5234,0.8224,15.78,<table><thead><tr><th></th><th></th><th>Page</th></tr><tr><th></th><th>PART</th><th></th></tr></thead><tbody><tr><td>Item Business</td><td></td><td>5</td></tr><tr><td>Item IA Risk Factors</td><td></td><td>22</td></tr><tr><td>Item IB Unresolved Staff Comments</td><td></td><td>44</td></tr><tr><td>Item 2 _ Properties</td><td></td><td>45</td></tr><tr><td>Item 3_ Legal Proceedings</td><td></td><td>48</td></tr><tr><td>Item 4_ Mine_Safety Disclosures</td><td></td><td>49</td></tr><tr><td></td><td>PART</td><td></td></tr><tr><td>Item 5 _</td><td>Market for_American Airlines Group s Common StockRelated_ Stockholder Matters and Issuer Purchases of Equity Securities</td><td>50</td></tr><tr><td>Item 6.</td><td>Selected Consolidated Financial Data</td><td>54</td></tr><tr><td>Item 7.</td><td>Management s Discussion and Analysis of Financial Condition and Results of Operations</td><td>59</td></tr><tr><td>Item 7A_</td><td>Quantitative and Qualitative Disclosures About Market Risk</td><td>100</td></tr><tr><td>Item 84</td><td>Consolidated Financial Statements and Supplementary Data of American Airlines Group Inc</td><td>103</td></tr><tr><td>Item 8B_</td><td>Consolidated Financial Statements and Supplementary Data of_American Airlines_Inc</td><td>172</td></tr><tr><td>Item 9_</td><td>Changes In and Disagreements with Accountants on Accounting and Financial Disclosure</td><td>229</td></tr><tr><td>Item 9A Controls and Procedures</td><td></td><td>229</td></tr><tr><td></td><td>PART</td><td></td></tr><tr><td>Item 10_</td><td>Directors_Executive Officers and Corporate Govemance</td><td>233</td></tr><tr><td>Item 11_ Executive Compensation</td><td></td><td>233</td></tr><tr><td>Item 12</td><td>Security Ownership of Certain Beneficial Owners and Management and Related Stockholder Matters</td><td>233</td></tr><tr><td>Item 13</td><td>Certain Relationships and Related Transactions_and Director Independence</td><td>233</td></tr><tr><td>Item 14_</td><td>Principal Accountant Fees and Services</td><td>233</td></tr><tr><td></td><td>PART IV</td><td></td></tr><tr><td>Item 15_</td><td>Exhibits and Financial Statement Schedules</td><td>234</td></tr><tr><td>SIGNATURES</td><td></td><td>235</td></tr></tbody></table>,59,nested_column,,D: 0.5-0.8
fintab_002461,extreme,0.2895,0.5263,2.982,"<table><thead><tr><th></th><th></th><th>December 31,2014</th><th></th><th></th><th colspan=""2""></th><th></th></tr></thead><tbody><tr><td></td><td>Level Level 2</td><td>Level 3</td><td>Total</td><td>Level</td><td>Level 2</td><td>Level 3</td><td>Total</td></tr><tr><td></td><td></td><td></td><td></td><td>(In thousands)</td><td></td><td></td><td></td></tr><tr><td>Interest rate swaps</td><td>S 3,515</td><td>S</td><td>S 3,515</td><td>S</td><td>S 1,417</td><td>S</td><td>$ 1,417</td></tr></tbody></table>",18,normal,,B: <0.3
fintab_001389,medium,0.7619,0.8571,8.112,"<table><thead><tr><th></th><th></th><th>Year Ended December 31,</th><th></th></tr></thead><tbody><tr><td></td><td>2018</td><td>2017</td><td>2016</td></tr><tr><td></td><td></td><td>(Dollars in thousands)</td><td></td></tr><tr><td>Vascular North America</td><td>S 329,473 $</td><td>313,618 S</td><td>295,206</td></tr><tr><td>Interventional North America</td><td>261,645</td><td>220,611</td><td>82,431</td></tr><tr><td>Anesthesia North America</td><td>205,064</td><td>197,982</td><td>198,772</td></tr><tr><td>Surgical North America</td><td>166,267</td><td>175,216</td><td>172,223</td></tr><tr><td>EMEA</td><td>603,813</td><td>552,722</td><td>510,934</td></tr><tr><td>Asia</td><td>286,895</td><td>269,208</td><td>249,416</td></tr><tr><td>OEM</td><td>205,976</td><td>182,967</td><td>160,990</td></tr><tr><td>All other</td><td>389,250</td><td>233,979</td><td>198,055</td></tr><tr><td>Net revenues</td><td>S 2,448,383 $</td><td>2,146,303 S</td><td>1,868,027</td></tr></tbody></table>",41,normal,,D: 0.5-0.8
fintab_002210,medium,0.8342,0.9733,25.312,"<table><thead><tr><th></th><th colspan=""2""></th><th></th></tr></thead><tbody><tr><td></td><td>2015</td><td>2014</td><td>2013</td></tr><tr><td>Revenues</td><td></td><td></td><td></td></tr><tr><td>Natural gas sales</td><td>$ 2,839 S</td><td>4,115 S</td><td>3,605</td></tr><tr><td>Services</td><td>8,290</td><td>7,650</td><td>6,677</td></tr><tr><td>Product sales and other</td><td>3,274</td><td>4,461</td><td>3,788</td></tr><tr><td>Total Revenues</td><td>14,403</td><td>16,226</td><td>14,070</td></tr><tr><td>Operating Costs, Expenses and Other</td><td></td><td></td><td></td></tr><tr><td>Costs of sales</td><td>4,115</td><td>6,278</td><td>5,253</td></tr><tr><td>Operations and maintenance</td><td>2,337</td><td>2,157</td><td>2,112</td></tr><tr><td>Depreciation, depletion and amortization</td><td>2,309</td><td>2,040</td><td>1,806</td></tr><tr><td>General and administrative</td><td>690</td><td>610</td><td>613</td></tr><tr><td>Taxes, other than income taxes</td><td>439</td><td>418</td><td>395</td></tr><tr><td>Loss on impairment of goodwill</td><td>1,150</td><td></td><td></td></tr><tr><td>Loss (gain) on impairments and disposals of long-lived assets, net</td><td>919</td><td>274</td><td>(98)</td></tr><tr><td>Other (income) expense, net</td><td>(3)</td><td></td><td></td></tr><tr><td>Total Operating Costs, Expenses and Other</td><td>11,956</td><td>11,778</td><td>10,080</td></tr><tr><td>Operating Income</td><td>2,447</td><td>4,448</td><td>3,990</td></tr><tr><td>Other Income (Expense)</td><td></td><td></td><td></td></tr><tr><td>Earnings from equity investments</td><td>414</td><td>406</td><td>392</td></tr><tr><td>Loss on impairments of equity investments</td><td>(30)</td><td></td><td>(65)</td></tr><tr><td>Amortization of excess cost of equity investments</td><td>(51)</td><td>(45)</td><td>(39)</td></tr><tr><td>Interest;, net</td><td>(2,051)</td><td>(1,798)</td><td>(1,675)</td></tr><tr><td>Gain on remeasurement of previously held equity investments to fair value (Note 3)</td><td></td><td></td><td>558</td></tr><tr><td>Gain 0n sale of investments in Express pipeline system (Note 3)</td><td></td><td></td><td>224</td></tr><tr><td>Other; net</td><td>43</td><td>80</td><td>53</td></tr><tr><td>Total Other Expense</td><td>(1,675)</td><td>(1,357)</td><td>552)</td></tr><tr><td>Income from Continuing Operations Before Income Taxes</td><td>772</td><td>3,091</td><td>3,438</td></tr><tr><td>Income Tax Expense</td><td>(564)</td><td>(648)</td><td>742)</td></tr><tr><td>Income from Continuing Operations</td><td>208</td><td>2,443</td><td>2,696</td></tr><tr><td>Discontinued Operations</td><td></td><td></td><td></td></tr><tr><td>Loss on sale of the FTC Natural Gas Pipelines disposal group, net of tax</td><td></td><td></td><td></td></tr><tr><td>Net Income</td><td>208</td><td>2,443</td><td>2,692</td></tr><tr><td>Net Loss (Income) Attributable to Noncontrolling Interests</td><td>45</td><td>(1,417)</td><td>(1,499)</td></tr><tr><td>Net Income Attributable to Kinder Morgan, Inc</td><td>253</td><td>1,026</td><td>1,193</td></tr><tr><td>Preferred Stock Dividends</td><td>(26)</td><td></td><td></td></tr><tr><td>Net Income Available to Common Stockholders</td><td>227 S</td><td>1,026 S</td><td>1,193</td></tr></tbody></table>",118,normal,,E: >=0.8
fintab_002214,medium,0.8095,0.881,3.881,"<table><thead><tr><th></th><th colspan=""2""></th><th></th></tr></thead><tbody><tr><td></td><td>2015</td><td>2014</td><td>2013</td></tr><tr><td>Productive</td><td></td><td></td><td></td></tr><tr><td>Development</td><td>130</td><td>83</td><td>51</td></tr><tr><td>Exploratory</td><td>31</td><td>26</td><td>4</td></tr><tr><td>Total Productive</td><td>161</td><td>109</td><td>55</td></tr><tr><td>Dry Exploratory</td><td></td><td></td><td></td></tr><tr><td>Total Wells</td><td>161</td><td>110</td><td>55</td></tr></tbody></table>",22,normal,,E: >=0.8
fintab_002356,extreme,0.3668,0.6819,34.957,"<table><thead><tr><th></th><th></th><th colspan=""2""></th><th></th></tr></thead><tbody><tr><td></td><td></td><td colspan=""2""></td><td></td></tr><tr><td></td><td></td><td>Standard &</td><td>Non-</td><td>McGraw Hill</td></tr><tr><td></td><td>McGraw Hill</td><td>Poor's Financial</td><td>Guarantor</td><td>Financial Inc</td></tr><tr><td>(in millions]</td><td>Financial, Inc;</td><td>Services LLC</td><td>Subsidiaries Eliminations</td><td>Consolidated</td></tr><tr><td>Operating Activities:</td><td></td><td></td><td></td><td></td></tr><tr><td>Net (loss] income</td><td>(326]</td><td>(519]</td><td>637 195</td><td>(13]</td></tr><tr><td>Less; discontinued operations, net</td><td>178</td><td></td><td></td><td>178</td></tr><tr><td>(Loss] income from continuing operations</td><td>(504]</td><td>(519]</td><td>637 195</td><td>(191]</td></tr><tr><td>Adjustments to reconcile [loss] income from continuing</td><td></td><td></td><td></td><td></td></tr><tr><td>operations to cash (used for] provided by operating activities</td><td></td><td></td><td></td><td></td></tr><tr><td>from continuing operations:</td><td></td><td></td><td></td><td></td></tr><tr><td>Depreciation</td><td></td><td>17</td><td>28</td><td>86</td></tr><tr><td>Amortization of intangibles</td><td>""</td><td></td><td>44</td><td>48</td></tr><tr><td>Provision for losses on accounts receivable</td><td></td><td>5</td><td>6</td><td>11</td></tr><tr><td>Deferred income taxes</td><td>42</td><td>(272]</td><td>(15]</td><td>(245]</td></tr><tr><td>Stock-based compensation</td><td>31</td><td>34</td><td>35</td><td>100</td></tr><tr><td>Accrued legal and regulatory settlements</td><td></td><td>1,587</td><td></td><td>1,587</td></tr><tr><td>Other</td><td>21</td><td>39</td><td>20</td><td>80</td></tr><tr><td>Changes in operating assets and liabilities, net of effect of</td><td></td><td></td><td></td><td></td></tr><tr><td>acquisitions and dispositions:</td><td></td><td></td><td></td><td></td></tr><tr><td>Accounts receivable</td><td>(11)</td><td>47</td><td>(45]</td><td>(9]</td></tr><tr><td>Prepaid and current assets</td><td>(42)</td><td>(17]</td><td>52</td><td>(7]</td></tr><tr><td>Accounts payable and accrued expenses</td><td>(83]</td><td>(47]</td><td></td><td>(130]</td></tr><tr><td>Unearned revenue</td><td></td><td>26</td><td>44</td><td>78</td></tr><tr><td>Accrued legal and regulatory settlement</td><td></td><td>(35]</td><td></td><td>(35]</td></tr><tr><td>Other current liabilities</td><td>(51]</td><td>45</td><td>(10]</td><td>(16]</td></tr><tr><td>Net change in prepaid_ accrued income taxes</td><td>13</td><td>3</td><td>(109]</td><td>(93]</td></tr><tr><td>Net change in other assets and liabilities</td><td>(131]</td><td>5</td><td>71</td><td>(55]</td></tr><tr><td>Cash (used for] provided by operating activities from</td><td></td><td></td><td></td><td></td></tr><tr><td>continuing operations</td><td>(662]</td><td>918</td><td>758 195</td><td>1,209</td></tr><tr><td>Investing Activities:</td><td></td><td></td><td></td><td></td></tr><tr><td>Capital expenditures</td><td>(26)</td><td>(14]</td><td>(52]</td><td>(92]</td></tr><tr><td>Acquisitions, net of cash acquired</td><td></td><td></td><td>(71]</td><td>(71]</td></tr><tr><td>Proceeds from dispositions</td><td>63</td><td></td><td>20</td><td>83</td></tr><tr><td>Changes in short-term investments</td><td></td><td></td><td>15</td><td>15</td></tr><tr><td>Cash provided by (used for] investing activities from</td><td></td><td></td><td></td><td></td></tr><tr><td>continuing operations</td><td>37</td><td>(14]</td><td>(88]</td><td>(65]</td></tr><tr><td>Financing Activities:</td><td></td><td></td><td></td><td></td></tr><tr><td>Dividends paid to shareholders</td><td>(326)</td><td></td><td></td><td>(326]</td></tr><tr><td>Dividends and other payments paid to noncontrolling interests</td><td></td><td></td><td>(84]</td><td>(84]</td></tr><tr><td>Repurchase of treasury shares</td><td>(362]</td><td></td><td></td><td>(362]</td></tr><tr><td>Exercise of stock options</td><td>184</td><td></td><td></td><td>193</td></tr><tr><td>Contingent payments</td><td></td><td></td><td>(11)</td><td>(11]</td></tr><tr><td>Excess tax benefits from share-based payments</td><td>128</td><td></td><td></td><td>128</td></tr><tr><td>Intercompany financing activities</td><td>1,377</td><td>(904]</td><td>(278] (195)</td><td></td></tr><tr><td>Cash provided by [used for] financing activities</td><td>from</td><td></td><td></td><td></td></tr><tr><td>continuing operations</td><td>1,001</td><td>(904]</td><td>(364] (195)</td><td>(462]</td></tr><tr><td>Effect of exchange rate changes on cash from</td><td></td><td></td><td></td><td></td></tr><tr><td>continuing operations</td><td></td><td></td><td>(68]</td><td>(65]</td></tr><tr><td>Cash provided by continuing operations</td><td>379</td><td></td><td>238</td><td>617</td></tr><tr><td>Discontinued Operations:</td><td></td><td></td><td></td><td></td></tr><tr><td>Cash provided by operating activities</td><td>18</td><td></td><td></td><td>18</td></tr><tr><td>Cash provided by investing activities</td><td>320</td><td></td><td></td><td>320</td></tr><tr><td>Cash provided by discontinued operations</td><td>338</td><td></td><td></td><td>338</td></tr><tr><td>Net change in cash and cash equivalents</td><td>717</td><td></td><td>238</td><td>955</td></tr><tr><td>Cash and cash equivalents at beginning of year</td><td>685</td><td></td><td>857</td><td>1,542</td></tr><tr><td>Cash and cash equivalents at end of year</td><td>S1,402</td><td></td><td>s1,095</td><td>s2,497</td></tr></tbody></table>",187,normal,,C: 0.3-0.5
fintab_000607,medium,0.6667,0.7619,6.793,"<table><thead><tr><th></th><th>Japan</th><th>Key Market Data</th><th></th></tr><tr><th></th><th></th><th>Full-Year</th><th></th></tr><tr><th></th><th></th><th></th><th>Change</th></tr></thead><tbody><tr><td></td><td>2045</td><td>2014</td><td>% Lpp:</td></tr><tr><td>Total Cigarette Market (billion units)</td><td>182.3</td><td>186.2</td><td>(2.1)%</td></tr><tr><td>PMI Shipments (million units)</td><td>45,690</td><td>45,556</td><td>0.3 %</td></tr><tr><td>PMI Cigarette Market Share</td><td></td><td></td><td></td></tr><tr><td>Marlboro</td><td>11.3%</td><td>11.6%</td><td>(0.3)</td></tr><tr><td>Parliament</td><td>2.3%</td><td>2.2%/</td><td>0.1</td></tr><tr><td>Lark</td><td>9.9%</td><td>10.0%</td><td>(0.1)</td></tr><tr><td>Others</td><td>1.8%</td><td>2.1%</td><td>(0.3)</td></tr><tr><td>Total</td><td>25.3%</td><td>25.9%/</td><td>(0.6</td></tr></tbody></table>",36,nested_column,,D: 0.5-0.8
fintab_000066,medium,0.4179,0.5224,4.259,<table><thead><tr><th></th><th></th><th>Moody' $</th><th></th><th>S&P</th><th></th><th>Fitch</th></tr></thead><tbody><tr><td>Company/Instrument</td><td>Rating</td><td>Outlook (1)</td><td>Rating</td><td>Qutlook()</td><td>Rating</td><td>Qutlook()</td></tr><tr><td>CenterPoint Energy Senior</td><td></td><td></td><td></td><td></td><td></td><td></td></tr><tr><td>Unsecured Debt _</td><td>Ba ]</td><td>Positive</td><td>BBB-</td><td>Stable</td><td>BBB-</td><td>Stable</td></tr><tr><td>CenterPoint Houston Senior</td><td></td><td></td><td></td><td></td><td></td><td></td></tr><tr><td>Secured Debt</td><td>A3</td><td>Stable</td><td>BBB+</td><td>Stable</td><td>A-</td><td>Stable</td></tr><tr><td>CERC Corp. Senior Unsecured</td><td></td><td></td><td></td><td></td><td></td><td></td></tr><tr><td>Debt .</td><td>Baa3</td><td>Positive</td><td>BBB</td><td>Stable</td><td>BBB</td><td>Stable</td></tr></tbody></table>,34,normal,,C: 0.3-0.5
fintab_001769,medium,0.8554,0.9398,9.275,"<table><thead><tr><th></th><th>December 31</th><th></th></tr></thead><tbody><tr><td></td><td>2016</td><td>2015</td></tr><tr><td>Deferred tax assets:</td><td></td><td></td></tr><tr><td>Operating loss carryforwards</td><td>$ 3,853</td><td>$ 2,558</td></tr><tr><td>Pensions</td><td>2,610</td><td>2,436</td></tr><tr><td>Loyalty program liability</td><td>485</td><td>590</td></tr><tr><td>Alternative minimum tax credit carryforwards</td><td>344</td><td>346</td></tr><tr><td>Postretirement benefits other than pensions</td><td>291</td><td>340</td></tr><tr><td>Rent expense</td><td>256</td><td>134</td></tr><tr><td>Gains from lease transactions</td><td>213</td><td>262</td></tr><tr><td>Reorganization items</td><td>53</td><td>57</td></tr><tr><td>Other</td><td>972</td><td>1,200</td></tr><tr><td>Total deferred tax assets</td><td>9,077</td><td>7,923</td></tr><tr><td>Valuation allowance</td><td>(29)</td><td>(22)</td></tr><tr><td>Net deferred tax assets</td><td>9,048</td><td>7,901</td></tr><tr><td>Deferred tax liabilities:</td><td></td><td></td></tr><tr><td>Accelerated depreciation and amortization</td><td>,216)</td><td>5,158)</td></tr><tr><td>Other</td><td>(345)</td><td>(266)</td></tr><tr><td>Total deferred tax liabilities</td><td>(7,561)</td><td>(5,.424)</td></tr><tr><td>Net deferred tax asset</td><td>S 1,487</td><td>$ 2,477</td></tr></tbody></table>",53,normal,,E: >=0.8
fintab_001311,medium,0.7349,0.8916,9.902,"<table><thead><tr><th></th><th></th><th>Year Ended December 31,</th><th></th></tr></thead><tbody><tr><td></td><td>2015</td><td>2014</td><td>2013</td></tr><tr><td></td><td></td><td>(Dollars in thousands)</td><td></td></tr><tr><td>Net revenues (based on the Company's selling location):</td><td></td><td></td><td></td></tr><tr><td>United States</td><td>S 967,819 $</td><td>916,619 S</td><td>844,884</td></tr><tr><td>Other Americas</td><td>56,500</td><td>60,736</td><td>57,098</td></tr><tr><td>Europe</td><td>570,672</td><td>664,982</td><td>568,559</td></tr><tr><td>All other</td><td>214,699</td><td>197,495</td><td>225,730</td></tr><tr><td></td><td>S 1,809,690 S</td><td>1,839,832 S</td><td>1,696,271</td></tr><tr><td>Net property , plant and equipment:</td><td></td><td></td><td></td></tr><tr><td>United States</td><td>S 178,895 S</td><td>174,893 S</td><td>203,985</td></tr><tr><td>Malaysia</td><td>33,777</td><td>36,427</td><td>29,313</td></tr><tr><td>Ireland</td><td>33,219</td><td>29,746</td><td>15,927</td></tr><tr><td>Czech Republic</td><td>32,305</td><td>35,655</td><td>41,607</td></tr><tr><td>All other</td><td>37,927</td><td>40,714</td><td>35,068</td></tr><tr><td></td><td>$ 316,123 S</td><td>317,435 S</td><td>325,900</td></tr></tbody></table>",49,normal,,D: 0.5-0.8
fintab_002714,extreme,0.6075,0.7757,14.803,"<table><thead><tr><th>Item 1 Business</th><th></th><th>3</th></tr></thead><tbody><tr><td>Item IA. Risk Factors</td><td></td><td>8</td></tr><tr><td>Item IB.</td><td>Unresolved Staff Comments</td><td>19</td></tr><tr><td>Item 2. Properties</td><td></td><td>19</td></tr><tr><td>Item 3. Legal Proceedings</td><td></td><td>28</td></tr><tr><td>Item 4_ [Removed</td><td>and Reserved]</td><td>28</td></tr><tr><td>PART II</td><td></td><td></td></tr><tr><td>Item 5.</td><td>Market for Our Common Equity and Related Shareholder Matters and Issuer Purchases of</td><td></td></tr><tr><td>Equity Securities</td><td></td><td>29</td></tr><tr><td>Item 6</td><td>Selected Financial Data</td><td>31</td></tr><tr><td>Item 7_</td><td>Management' $ Discussion and Analysis of Financial Condition and Results of Operations</td><td>33</td></tr><tr><td>Item 7A.</td><td>Quantitative and Qualitative Disclosures about Market Risk</td><td>58</td></tr><tr><td>Item 8_</td><td>Financial Statements and Supplementary Data</td><td>59</td></tr><tr><td>Item 9_</td><td>Changes In and Disagreements with Accountants on Accounting and Financial Disclosure</td><td>59</td></tr><tr><td>Item 9A</td><td>Controls and Procedures</td><td>59</td></tr><tr><td>Item 9B. Other Information</td><td></td><td>61</td></tr><tr><td>PART III</td><td></td><td></td></tr><tr><td>Item 10.</td><td>Trustees, Executive Officers and Corporate Governance</td><td>62</td></tr><tr><td>Item 11.</td><td>Executive Compensation</td><td>62</td></tr><tr><td>Item 12.</td><td>Security Ownership of Certain Beneficial Owners and Management and Related Shareholder</td><td></td></tr><tr><td>Matters</td><td></td><td>62</td></tr><tr><td>Item 13.</td><td>Certain Relationships and Related Transactions, and Trustee Independence</td><td>62</td></tr><tr><td>Item 14.</td><td>Principal Accountant Fees and Services</td><td>62</td></tr><tr><td>PART IV</td><td></td><td></td></tr><tr><td>Item 15.</td><td>Exhibits and Financial Statement Schedules</td><td>63</td></tr><tr><td>SIGNATURES</td><td></td><td>64</td></tr></tbody></table>",62,normal,,D: 0.5-0.8
fintab_000207,medium,0.4386,0.6316,9.45,"<table><thead><tr><th></th><th>As Reported Constant Currency</th></tr></thead><tbody><tr><td>Net Yields</td><td>Approx: 5.0% 4.5% to 5.0%</td></tr><tr><td>Net Cruise Costs per APCD</td><td>Approx. (4.0%) (3.5%) to (4.0%)</td></tr><tr><td>Net Cruise Costs per APCD, excluding Fuel</td><td>Approx: (5.0%)= Approx: (4.5%)</td></tr><tr><td>Capacity Increase</td><td>1.0%</td></tr><tr><td>Depreciation and Amortization</td><td>S230 million to S240 million</td></tr><tr><td>Interest Expense, net</td><td>S70 to S80 million</td></tr><tr><td>Fuel Consumption (metric tons_</td><td>336,000</td></tr><tr><td>Fuel Expenses</td><td>S178 million</td></tr><tr><td>Percent Hedged (fwd consumption)</td><td>59%</td></tr><tr><td>Impact of 10% change in fuel prices</td><td>S7 million</td></tr><tr><td>1% Change in Currency</td><td>83 million</td></tr><tr><td>1% Change in Net Yield</td><td>S16 million</td></tr><tr><td>1% Change in NCC x Fuel</td><td>S9 million</td></tr><tr><td>1% Change in LIBOR</td><td>S9 million</td></tr><tr><td>Adjusted Earnings per Share Diluted</td><td>Approx: S0.90</td></tr></tbody></table>",31,normal,,C: 0.3-0.5
fintab_001954,extreme,0.5507,0.6957,12.025,"<table><thead><tr><th></th><th></th><th></th><th colspan=""2"">Years Ended December 31,</th><th></th><th></th></tr></thead><tbody><tr><td></td><td>2017</td><td></td><td>20160)</td><td></td><td>2015</td><td></td></tr><tr><td></td><td></td><td>Percentage</td><td></td><td>Percentage</td><td></td><td>Percentage</td></tr><tr><td></td><td>Dollars in</td><td>of Total</td><td>Dollars in</td><td>of Total</td><td>Dollars in</td><td>of Total</td></tr><tr><td></td><td>Millions</td><td>Net Sales</td><td>Millions</td><td>Net Sales</td><td>Millions</td><td>Net Sales</td></tr><tr><td>Notebooks/Mobile Devices</td><td>S 3,490.9</td><td>23.1% S</td><td>2,921.6</td><td>20.9% S</td><td>2,537.3</td><td>19.5%</td></tr><tr><td>Netcomm Products</td><td>2,042.9</td><td>13.4</td><td>1,958.2</td><td>14.0</td><td>1,915.0</td><td>14.7</td></tr><tr><td>Desktops</td><td>1,159.4</td><td>7.6</td><td>1,050.0</td><td>7.5</td><td>965.6</td><td>7.4</td></tr><tr><td>Video</td><td>1,076.9</td><td>7.1</td><td>962.1</td><td>6.9</td><td>853.8</td><td>6.6</td></tr><tr><td>Enterprise and Data Storage</td><td></td><td></td><td></td><td></td><td></td><td></td></tr><tr><td>(Including Drives)</td><td>1,071.5</td><td>7.1</td><td>1,053.1</td><td>7.5</td><td>1,067.2</td><td>8.2</td></tr><tr><td>Other Hardware</td><td>3,100.3</td><td>20.4</td><td>3,042.6</td><td>21.8</td><td>2,950.5</td><td>22.7</td></tr><tr><td>Total Hardware</td><td>11,941.9</td><td>78.7</td><td>10,987.6</td><td>78.6</td><td>10,289.4</td><td>79.1</td></tr><tr><td>Software(2)</td><td>2,540.1</td><td>16.7</td><td>2,389.3</td><td>17.1</td><td>2,152.3</td><td>16.6</td></tr><tr><td>Services (2)</td><td>61133</td><td>4.0</td><td>575.1</td><td>4.1</td><td>467.7</td><td>3.6</td></tr><tr><td>Other()</td><td>98.2</td><td>0.6</td><td>29.9</td><td>0.2</td><td>79.3</td><td>0.7</td></tr><tr><td>Total Net sales</td><td>$ 15,191.5</td><td>100.0%</td><td>$ 13,981.9</td><td>100.0% S</td><td>12,988.7</td><td>100.0%</td></tr></tbody></table>",97,normal,,D: 0.5-0.8
fintab_001388,medium,0.3714,0.5714,2.919,<table><thead><tr><th></th><th>Pension</th><th>Other Benefits</th></tr></thead><tbody><tr><td></td><td>2018 2017</td><td>2018 2017</td></tr><tr><td>Discount rate</td><td>4.3% 3.6%</td><td>4.2% 3.6%</td></tr><tr><td>Rate of compensation increase</td><td>2.6% 2.6%</td><td></td></tr><tr><td>Initial healthcare trend rate</td><td></td><td>7.4% 7.8%</td></tr><tr><td>Ultimate healthcare trend rate</td><td></td><td>5.0% 5.0%</td></tr></tbody></table>,13,normal,,C: 0.3-0.5
fintab_001770,extreme,0.3607,0.5738,5.307,"<table><thead><tr><th></th><th></th><th>Fair Value Measurements as of December 31,2015</th></tr></thead><tbody><tr><td></td><td>Total Level</td><td>Level 2 Level 3</td></tr><tr><td>Short-term investments (1), (2) :</td><td></td><td></td></tr><tr><td>Money market funds</td><td>S 1,010</td><td>1,010</td></tr><tr><td>Government agency investments</td><td></td><td></td></tr><tr><td>Corporate obligations</td><td>2,191</td><td>2,191</td></tr><tr><td>Bank notes/certificates of depositltime deposits</td><td>2,662</td><td>2,662</td></tr><tr><td></td><td>5,864</td><td>1,010 4,854</td></tr><tr><td>Restricted cash and short-term investments (1)</td><td>695</td><td>695</td></tr><tr><td>Total</td><td>$ 6,559 5</td><td>1,705 5 4,854</td></tr></tbody></table>",22,normal,,C: 0.3-0.5
fintab_000652,medium,0.6829,0.9024,6.535,"<table><thead><tr><th></th><th colspan=""3""></th></tr></thead><tbody><tr><td>(in millions)</td><td>2017</td><td>2016</td><td>2015</td></tr><tr><td>Net earnings attributable to PMI</td><td>S 6,035</td><td>S 6,967</td><td>$ 6,873</td></tr><tr><td>Less distributed and undistributed earnings attributable to share-based payment awards</td><td>14</td><td>19</td><td>24</td></tr><tr><td>Net earnings for basic and diluted EPS</td><td>S 6,021</td><td>S 6,948</td><td>$ 6,849</td></tr><tr><td>Weighted-average shares for basic EPS</td><td>1,552</td><td>1,551</td><td>1,549</td></tr><tr><td>Plus contingently issuable performance stock units (PSUs)</td><td></td><td></td><td></td></tr><tr><td>Weighted-average shares for diluted EPS</td><td>1,553</td><td>1,551</td><td>1,549</td></tr></tbody></table>",26,normal,,D: 0.5-0.8
fintab_000024,medium,0.7442,0.7674,5.165,"<table><thead><tr><th></th><th></th><th>Year Ended</th><th></th></tr></thead><tbody><tr><td></td><td></td><td>December 31,</td><td></td></tr><tr><td></td><td>2014</td><td>2015</td><td>2016</td></tr><tr><td>Net debt to book capitalization ratio</td><td>43%</td><td>45%</td><td>43%</td></tr><tr><td>Net debt to undepreciated book capitalization ratio</td><td>38%</td><td>40%</td><td>379</td></tr><tr><td>Net debt to market capitalization ratio</td><td>28%</td><td>33%</td><td>31%</td></tr><tr><td>Adjusted interest coverage ratio</td><td>3.73x</td><td>4.20x</td><td>4.19x</td></tr><tr><td>Adjusted fixed charge coverage ratio</td><td>2.96x</td><td>3.32x</td><td>3.32x</td></tr></tbody></table>",25,normal,,D: 0.5-0.8
fintab_000837,extreme,0.4437,0.8313,11.045,"<table><thead><tr><th></th><th colspan=""3""></th><th></th><th></th><th colspan=""2""></th><th></th></tr></thead><tbody><tr><td>(in millions)</td><td>Level</td><td>Level 2</td><td>Level 3</td><td>Total</td><td>Level</td><td>Level 2</td><td>Level 3</td><td>Total</td></tr><tr><td>Assets</td><td></td><td></td><td></td><td></td><td></td><td></td><td></td><td></td></tr><tr><td>Trading securities</td><td>5 22</td><td>$</td><td>$</td><td>S 22</td><td>523</td><td></td><td></td><td>$ 523</td></tr><tr><td>Available-for-sale securities</td><td></td><td>123</td><td>10</td><td>133</td><td></td><td>121</td><td>10</td><td>132</td></tr><tr><td>Interest rate swap agreements</td><td></td><td>53</td><td></td><td>53</td><td></td><td>84</td><td></td><td>84</td></tr><tr><td>Other</td><td></td><td>5</td><td>12</td><td>17</td><td></td><td>64</td><td></td><td>71</td></tr><tr><td>Total</td><td>S 22</td><td>S 181</td><td>$ 22</td><td>S 225</td><td>524</td><td>269</td><td>S 17</td><td>$ 810</td></tr><tr><td>Liabilities</td><td></td><td></td><td></td><td></td><td></td><td></td><td></td><td></td></tr><tr><td>Derivative component of prepaid</td><td></td><td></td><td></td><td></td><td></td><td></td><td></td><td></td></tr><tr><td>forward sale agreements and</td><td></td><td></td><td></td><td></td><td></td><td></td><td></td><td></td></tr><tr><td>indexed debt instruments</td><td>S _</td><td>S   5</td><td>S _</td><td>S   5</td><td></td><td>$ 361</td><td></td><td>S 361</td></tr><tr><td>Contractual obligation</td><td></td><td></td><td></td><td></td><td></td><td></td><td>883</td><td>883</td></tr><tr><td>Contingent consideration</td><td></td><td></td><td></td><td></td><td></td><td></td><td>644</td><td>644</td></tr><tr><td>Other</td><td></td><td>86</td><td></td><td>86</td><td></td><td></td><td></td><td>8</td></tr><tr><td>Total</td><td>S</td><td>$ 91</td><td>$ -</td><td>$ 91</td><td></td><td>$ 369</td><td>S 1,527</td><td>$ 1,896</td></tr></tbody></table>",74,normal,,C: 0.3-0.5
fintab_001436,medium,0.7097,0.8387,2.933,"<table><thead><tr><th></th><th colspan=""2"">Credit Agreement (December 31, 2013)</th><th colspan=""2"">2012 Credit Agreement (December 31, 2012)</th></tr></thead><tbody><tr><td></td><td>LIBOR plus</td><td>ABR plus</td><td>LIBOR plus</td><td>ABR plus</td></tr><tr><td>Revolving Credit Facility</td><td>1.25%</td><td>0.25%</td><td>2.00%</td><td>1.00%</td></tr><tr><td>Tranche A Term Loan</td><td>1.25%/</td><td>0.25%</td><td>2.00%</td><td>1.00%/</td></tr><tr><td>Tranche B Term Loan</td><td>NIA</td><td>NIA</td><td>2.50%</td><td>1.50%</td></tr></tbody></table>",21,normal,,D: 0.5-0.8
fintab_001051,medium,0.3684,0.8772,5.807,"<table><thead><tr><th></th><th>Fiscal year ended December 29, 2007</th><th colspan=""2"">Fiscal year ended December 30,2006</th><th colspan=""2""></th><th></th></tr></thead><tbody><tr><td>Net Sales</td><td>% of Revenues</td><td>Net Sales</td><td>% of Revenues</td><td>S Change</td><td>%</td><td>Change</td></tr><tr><td>Outdoor/Fitness S339.741</td><td>10.7%/</td><td>S285,362</td><td>16.1%</td><td>S54,379</td><td></td><td>19.1%</td></tr><tr><td>Marine 203,399</td><td>6.4%</td><td>166,639</td><td>9.4%</td><td>36,760</td><td></td><td>22.1%</td></tr><tr><td>Automotive/Mobile 2,342,184</td><td>73.6%</td><td>1,089.093</td><td>61.4%1</td><td>L253.091</td><td></td><td>115.1%</td></tr><tr><td>Aviation 294,995</td><td>9.3%</td><td>232,906</td><td>13.1%</td><td>62,089</td><td></td><td>26.7%/</td></tr><tr><td>Total 53,180,319</td><td>100.0%</td><td>S1,774,000</td><td>100.0%1</td><td>S1,406,319</td><td></td><td>79.3%</td></tr></tbody></table>",40,normal,,C: 0.3-0.5
fintab_000472,medium,0.5135,0.8108,16.787,<table><thead><tr><th></th><th></th><th>Page</th></tr><tr><th></th><th>Part l</th><th></th></tr></thead><tbody><tr><td>Item 1 Business</td><td></td><td></td></tr><tr><td>Item IA Risk Factors</td><td></td><td>8</td></tr><tr><td>Item IB.</td><td>Unresolved Staff Comments</td><td>17</td></tr><tr><td>Item 2 Properties</td><td></td><td>18</td></tr><tr><td>Item 3 Legal Proceedings</td><td></td><td>18</td></tr><tr><td>Item 4</td><td>Mine_Safety_Disclosures</td><td>18</td></tr><tr><td></td><td>Part HI</td><td></td></tr><tr><td>Item 5</td><td>Market for Registrant's Common Equity_Related Stockholder Matters and Issuer Purchases of Equity</td><td>19</td></tr><tr><td>Securities</td><td></td><td></td></tr><tr><td>Item 6 Selected Financial Data</td><td></td><td>21</td></tr><tr><td>ItemZ</td><td>Managements Discussion and Analysis of Financial Condition and Results of Qperations</td><td>22</td></tr><tr><td>Item ZA</td><td>Quantitative and Qualitative Disclosures About Market Risk</td><td>35</td></tr><tr><td>Item 8</td><td>Financial Statements and Supplementary Data</td><td>37</td></tr><tr><td>Item 9</td><td>Changes in and Disagreements with Accountants on Accounting and Financial Disclosure</td><td>67</td></tr><tr><td>Item 9A</td><td>Controls and Procedures</td><td>67</td></tr><tr><td>Item 9B Other Information</td><td></td><td>67</td></tr><tr><td></td><td>Part III</td><td></td></tr><tr><td>Item 10.</td><td>Directors_Executive Qfficers _and Corporate Governance</td><td>68</td></tr><tr><td>Item 11</td><td>Executive Compensation</td><td>68</td></tr><tr><td>Item 12.</td><td>Security Ownership of Certain Beneficial Qwners and Management and Related Stockholder Matters</td><td>68</td></tr><tr><td>Item 13.</td><td>Certain Relationships and Related Transactions_and Director Independence</td><td>68</td></tr><tr><td>Item 14</td><td>Principal Accounting Fees and Services</td><td>68</td></tr><tr><td></td><td>Part IV</td><td></td></tr><tr><td>Item 15</td><td>Exhibits_Financial Statement Schedules</td><td>69</td></tr><tr><td>Item 16 Form 10-K Summary</td><td></td><td>71</td></tr></tbody></table>,61,nested_column,,D: 0.5-0.8
fintab_001868,medium,0.8065,0.9194,6.945,"<table><thead><tr><th>(in millions)</th><th colspan=""2""></th><th></th></tr></thead><tbody><tr><td></td><td>2014</td><td>2013</td><td>2012</td></tr><tr><td>Current:</td><td></td><td></td><td></td></tr><tr><td>Federal</td><td>S 206.8 S</td><td>96.7 $</td><td>110.3</td></tr><tr><td>State</td><td>19.3</td><td>10.1</td><td>8.0</td></tr><tr><td>Foreign</td><td>5.8</td><td>4.6</td><td>5.1</td></tr><tr><td>Total current</td><td>231.9</td><td>111.44</td><td>123.4</td></tr><tr><td>Deferred:</td><td></td><td></td><td></td></tr><tr><td>Domestic</td><td>(89.0)</td><td>(48.6)</td><td>(56.2)</td></tr><tr><td>Foreign</td><td>(0.1)</td><td>(0.1)</td><td>(0.1)</td></tr><tr><td>Total deferred</td><td>(89.1)</td><td>(48.7)</td><td>(56.3)</td></tr><tr><td>Income tax expense</td><td>S 142.8 S</td><td>62.7 $</td><td>67.1</td></tr></tbody></table>",39,normal,,E: >=0.8
fintab_000033,medium,0.3947,0.7105,3.509,"<table><thead><tr><th></th><th>December 31, 2016</th><th></th><th colspan=""2"">December 31, 2015</th></tr></thead><tbody><tr><td></td><td>Principal</td><td>Fair value</td><td>Principal</td><td>Fair value</td></tr><tr><td></td><td>balance</td><td>change</td><td>balance</td><td>change</td></tr><tr><td>Senior unsecured notes</td><td>S 7,568,832</td><td>S(521,203) $</td><td>7,965,107</td><td>8(519,901)</td></tr><tr><td>Secured debt</td><td>2,489,276</td><td>(73,944)</td><td>2,757,123</td><td>(91,376)</td></tr><tr><td>Totals</td><td>S10,058,108</td><td>S(595,147)</td><td>S10,722,230</td><td>8(611,277)</td></tr></tbody></table>",25,normal,,C: 0.3-0.5
fintab_001530,medium,0.3462,0.4615,1.766,"<table><thead><tr><th></th><th></th><th></th><th colspan=""2""></th><th></th><th></th></tr></thead><tbody><tr><td></td><td></td><td>2014</td><td></td><td>2013</td><td></td><td>2012</td></tr><tr><td>Mainline operating special items, net (1)</td><td>S</td><td>507</td><td>$</td><td>282</td><td>$</td><td>386</td></tr></tbody></table>",11,normal,,C: 0.3-0.5
fintab_002506,extreme,0.1791,0.4179,4.19,"<table><thead><tr><th></th><th></th><th></th><th></th><th></th><th colspan=""4""></th><th></th><th></th><th></th><th></th></tr></thead><tbody><tr><td></td><td></td><td></td><td>2012</td><td></td><td></td><td></td><td>2011</td><td></td><td></td><td></td><td>2010</td><td></td></tr><tr><td></td><td colspan=""2""></td><td></td><td>Paid</td><td colspan=""2""></td><td></td><td>Paid</td><td colspan=""2""></td><td></td><td>Paid</td></tr><tr><td>Common shares</td><td>S</td><td>2.840</td><td>$</td><td>2.800</td><td>S</td><td>2.720</td><td>S</td><td>2.700</td><td>S</td><td>2.660</td><td>S</td><td>2.650</td></tr><tr><td>5.417% Series [ Cumulative Convertible Preferred shares_.</td><td>S</td><td>1.354</td><td>$</td><td>1.354</td><td>S</td><td>1,.354</td><td>S</td><td>1.354</td><td>S</td><td>1.354</td><td>$</td><td>1.354</td></tr></tbody></table>",36,normal,,B: <0.3
fintab_001853,medium,0.0889,0.1778,6.972,"<table><thead><tr><th></th><th colspan=""2"">Corporate Segment</th><th></th><th>Public Segment</th><th></th><th></th></tr><tr><th></th><th>Medium/Large</th><th></th><th></th><th></th><th></th><th></th></tr><tr><th>Customer Channels</th><th>Business</th><th>Small Business</th><th>Government</th><th>Education</th><th>Healthcare</th><th>Other</th></tr></thead><tbody><tr><td>Target Customers</td><td>100 5,000</td><td>10 100</td><td>Various federal,</td><td>Higher</td><td>Hospitals,</td><td>Advanced</td></tr><tr><td></td><td>employees</td><td>employees</td><td>state and local</td><td>education</td><td>ambulatory</td><td>services</td></tr><tr><td></td><td></td><td></td><td>agencies</td><td>and K-12</td><td>service</td><td>customers</td></tr><tr><td></td><td></td><td></td><td></td><td></td><td>providers and</td><td>plus</td></tr><tr><td></td><td></td><td></td><td></td><td></td><td>long-term care</td><td>Canada</td></tr><tr><td></td><td></td><td></td><td></td><td></td><td>facilities</td><td></td></tr><tr><td>2013 Net Sales</td><td></td><td></td><td></td><td></td><td></td><td></td></tr><tr><td>(in billions</td><td>$4.9</td><td>S1.1</td><td>S1.3</td><td>S1.4</td><td>S1.5</td><td>S0.6</td></tr></tbody></table>",40,nested_column,,B: <0.3
fintab_001385,medium,0.4444,0.7619,7.923,"<table><thead><tr><th></th><th>2018</th><th>2017</th><th>2016</th></tr></thead><tbody><tr><td></td><td></td><td>(Dollars in thousands)</td><td></td></tr><tr><td>Balance at January 1</td><td>S 9,336 S</td><td>15,054 S</td><td>34,381</td></tr><tr><td>Increase in unrecognized tax benefits related to prior</td><td>years</td><td></td><td></td></tr><tr><td>Decrease in unrecognized tax benefits related to prior years</td><td></td><td></td><td>(13,083)</td></tr><tr><td>Unrecognized tax benefits related to the current year</td><td>899</td><td>895</td><td>705</td></tr><tr><td>Reductions in unrecognized tax benefits due to settlements</td><td></td><td></td><td>(2,121)</td></tr><tr><td>Reductions in unrecognized tax benefits due to lapse of applicable</td><td></td><td></td><td></td></tr><tr><td>statute of limitations</td><td>(1,955)</td><td>(6,813)</td><td>(4,840)</td></tr><tr><td>Increase (decrease) in unrecognized tax benefits due to foreign</td><td></td><td></td><td></td></tr><tr><td>currency translation</td><td>(174)</td><td>200</td><td>12</td></tr><tr><td>Balance at December 31</td><td>5 8,106 S</td><td>9,336 S</td><td>15,054</td></tr></tbody></table>",32,normal,,C: 0.3-0.5
fintab_002690,medium,0.7377,0.8852,6.741,"<table><thead><tr><th></th><th colspan=""3""></th></tr></thead><tbody><tr><td></td><td>2010</td><td>2009</td><td>2008</td></tr><tr><td></td><td></td><td>In thousands)</td><td></td></tr><tr><td>OPERATING RESULTS</td><td></td><td></td><td></td></tr><tr><td>Revenue</td><td>S18,639</td><td>S19,109</td><td>S19,111</td></tr><tr><td>Expenses</td><td></td><td></td><td></td></tr><tr><td>Other operating expenses</td><td>6,149</td><td>6,019</td><td>5,185</td></tr><tr><td>Depreciation and amortization</td><td>5,046</td><td>4,998</td><td>4,792</td></tr><tr><td>Interest expense</td><td>3,400</td><td>4,430</td><td>4,537</td></tr><tr><td>Total expenses</td><td>14,595</td><td>15,447</td><td>14,514</td></tr><tr><td>Net income</td><td>S 4,044</td><td>$ 3,662</td><td>$ 4,597</td></tr><tr><td>Our share of net income from real estate partnership</td><td>S 1,449</td><td>$ 1,322</td><td>$ 1,612</td></tr></tbody></table>",35,normal,,D: 0.5-0.8
fintab_001591,medium,0.7436,0.8718,3.051,"<table><thead><tr><th></th><th>December 31,</th><th></th></tr></thead><tbody><tr><td></td><td>2014</td><td>2013</td></tr><tr><td>Airport Slots</td><td>S 365</td><td>S 332</td></tr><tr><td>Customer relationships</td><td>300</td><td>300</td></tr><tr><td>Marketing agreements</td><td>105</td><td>105</td></tr><tr><td>Tradenames</td><td>35</td><td>35</td></tr><tr><td>Airport gate leasehold rights</td><td>138</td><td>155</td></tr><tr><td>Accumulated amortization</td><td>(441)</td><td>(373)</td></tr><tr><td>Total</td><td>S 496</td><td>S 554</td></tr></tbody></table>",24,normal,,D: 0.5-0.8
fintab_002100,medium,0.2674,0.4278,12.512,"<table><thead><tr><th></th><th>2015</th><th>2014</th><th>2013</th></tr></thead><tbody><tr><td></td><td>Average</td><td>Per Share Average</td><td>Per Share Average Per Share</td></tr><tr><td>in millions,except per share data)</td><td>Income Shares</td><td>Amount Income Shares</td><td>Amount Income Shares Amount</td></tr><tr><td>Earnings per Share:</td><td></td><td></td><td></td></tr><tr><td>Net income attributable to Bancorp</td><td>1,712</td><td>1,481</td><td>1,836</td></tr><tr><td>Dividends On preferred stock</td><td>75</td><td>67</td><td>37</td></tr><tr><td>Net income available t0 common shareholders</td><td>1,637</td><td>1,414</td><td>1,799</td></tr><tr><td>Less: Income allocated to participating securities</td><td>15</td><td>12</td><td>14</td></tr><tr><td>Net income allocated to common shareholders</td><td>1,622 799</td><td>2.03 1,402 833 $</td><td>1.68 $ 1,785 869 2.05</td></tr><tr><td>Earnings per Diluted Share:</td><td></td><td></td><td></td></tr><tr><td>Net income available to common shareholders</td><td>1,637</td><td>1,414</td><td>1,799</td></tr><tr><td>Effect of dilutive securities:</td><td></td><td></td><td></td></tr><tr><td>Stock-based awards</td><td></td><td>10</td><td></td></tr><tr><td>Series G convertible preferred stock</td><td></td><td></td><td>18 18</td></tr><tr><td>Net income available t0 common shareholders</td><td>1,637</td><td>1,414</td><td>1,817</td></tr><tr><td>plus assumed conversions</td><td></td><td></td><td></td></tr><tr><td>Less: Income allocated to participating securities</td><td>15</td><td>12</td><td>14</td></tr><tr><td>Net income allocated to common shareholders</td><td></td><td></td><td></td></tr><tr><td>plus assumed conversions</td><td>1,622 808</td><td>2.01 1,402 843</td><td>1.66 1,803 895 2.02</td></tr></tbody></table>",55,normal,,B: <0.3
fintab_000572,medium,0.2222,0.3434,23.685,"<table><thead><tr><th></th><th></th><th></th><th>Incorporated</th></tr><tr><th></th><th></th><th></th><th>by Reference</th></tr><tr><th>Exhibit</th><th></th><th></th><th>Filing Date/ Filed</th></tr></thead><tbody><tr><td>Number</td><td>Exhibit Description</td><td>Form</td><td>Period End Date herewith</td></tr><tr><td>3.1</td><td>Restated Articles of Incorporation, filed with the Secretary</td><td>S-3</td><td>7/27/88</td></tr><tr><td></td><td>of State of the State of California on January 27, 1988.</td><td></td><td></td></tr><tr><td>3.2</td><td>Amendment to Restated Articles of Incorporation, filed</td><td>10-Q</td><td>5/11/00</td></tr><tr><td></td><td>with the Secretary of State of the State of California on</td><td></td><td></td></tr><tr><td>May 4, 2000.</td><td></td><td></td><td></td></tr><tr><td>3.3</td><td>By-Laws of the Company, as amended through June 7,</td><td>10-Q</td><td>6/26/04</td></tr><tr><td>2004.</td><td></td><td></td><td></td></tr><tr><td>4.2</td><td>Indenture dated as of February 1, 1994, between the</td><td>10-Q</td><td>4/01/94</td></tr><tr><td></td><td>Company and Morgan Guaranty Trust Company of</td><td></td><td></td></tr><tr><td>New York:</td><td></td><td></td><td></td></tr><tr><td>4.3</td><td>Supplemental Indenture dated as of February 1, 1994,</td><td>10-Q</td><td>4/01/94</td></tr><tr><td></td><td>among the Company, Morgan Guaranty Trust Company of</td><td></td><td></td></tr><tr><td></td><td>New York; as resigning trustee, and Citibank; N.A , as</td><td></td><td></td></tr><tr><td>successor trustee.</td><td></td><td></td><td></td></tr><tr><td>4.5</td><td>Form of the Companys 61% Notes due 2004.</td><td>10-Q</td><td>4/01/94</td></tr><tr><td>4.8</td><td>Registration Rights Agreement, dated June</td><td>7, 1996 among S-3</td><td>8/28/96</td></tr><tr><td></td><td>the Company and Goldman, Sachs & Co. and Morgan</td><td></td><td></td></tr><tr><td>Stanley</td><td>Co. Incorporated:</td><td></td><td></td></tr><tr><td>4.9</td><td>Certificate of Determination of Preferences of Series A</td><td>10-K</td><td>9/26/97</td></tr><tr><td></td><td>Non-Voting Convertible Preferred Stock of Apple</td><td></td><td></td></tr><tr><td>Computer; Inc.</td><td></td><td></td><td></td></tr><tr><td>10.A.3</td><td>Apple Computer, Inc. Savings and Investment Plan, as</td><td>10-K</td><td>9/27/91</td></tr><tr><td></td><td>amended and restated effective aS of October 1, 1990.</td><td></td><td></td></tr><tr><td>10.A3-1</td><td>Amendment of Apple Computer; Inc. Savings and</td><td>10-K</td><td>9/25/92</td></tr><tr><td></td><td>Investment Plan dated March 1, 1992.</td><td></td><td></td></tr><tr><td>10.A3-2 Amendment No.</td><td>2 to the Apple Computer; Inc. Savings</td><td>10-Q</td><td>3/28/97</td></tr><tr><td>and Investment Plan:</td><td></td><td></td><td></td></tr><tr><td>10.A5</td><td>1990 Stock Option Plan, as amended through November 5,</td><td>10-Q</td><td>12/26/97</td></tr><tr><td>1997.</td><td></td><td></td><td></td></tr><tr><td>10.A.6</td><td>Apple Computer, Inc. Employee Stock Purchase Plan, as</td><td>S-8</td><td>6/24/03</td></tr><tr><td></td><td>amended through April 24, 2003.</td><td></td><td></td></tr><tr><td>10.A.8</td><td>Form of Indemnification Agreement between the</td><td>10-K</td><td>9/26/97</td></tr><tr><td></td><td>Registrant and each officer of the Registrant:</td><td></td><td></td></tr><tr><td>10.A.43</td><td>NeXT Computer, Inc. 1990 Stock Option Plan, as</td><td>S-8</td><td>3/21/97</td></tr><tr><td>amended:</td><td></td><td></td><td></td></tr></tbody></table>",89,nested_column,,B: <0.3
fintab_002135,medium,0.8554,0.9524,39.567,"<table><thead><tr><th>For the vears ended December 31</th><th></th><th>2008</th><th></th><th></th><th>2007</th><th></th><th></th><th>2006</th><th></th></tr></thead><tbody><tr><td></td><td>Average</td><td>Revenue /</td><td>Average</td><td>Average</td><td>Revenue/</td><td>Average</td><td>Average</td><td>Revenue/</td><td>Average</td></tr><tr><td>(S in millions)</td><td>Balance</td><td>Cost</td><td>Yield_ Rate</td><td>Balance</td><td>Cost</td><td>Yield Rate</td><td>Balance</td><td>Cost</td><td>Yield Rate</td></tr><tr><td>Assets</td><td></td><td></td><td></td><td></td><td></td><td></td><td></td><td></td><td></td></tr><tr><td>Interest-earning assets:</td><td></td><td></td><td></td><td></td><td></td><td></td><td></td><td></td><td></td></tr><tr><td>Loans and leases (a):</td><td></td><td></td><td></td><td></td><td></td><td></td><td></td><td></td><td></td></tr><tr><td>Commercial loans</td><td>S28,426</td><td>S1,520</td><td>5.35 %</td><td>S22,351</td><td>S1,639</td><td>7.33 %</td><td>S20,504</td><td>S1,479</td><td>7.21 %</td></tr><tr><td>Commercial mortgage</td><td>12,776</td><td>866</td><td>6.78</td><td>11,078</td><td>801</td><td>7.23</td><td>9,797</td><td>700</td><td>7.15</td></tr><tr><td>Commercial construction</td><td>5,846</td><td>342</td><td>5.85</td><td>5,661</td><td>421</td><td>7.44</td><td>6,015</td><td>460</td><td>7.64</td></tr><tr><td>Commercial leases</td><td>3,680</td><td>18</td><td>0.49</td><td>3,683</td><td>158</td><td>4.29</td><td>3,730</td><td>185</td><td>4.97</td></tr><tr><td>Subtotal commercial</td><td>50,728</td><td>2,746</td><td>5.41</td><td>42,773</td><td>3,019</td><td>7.06</td><td>40,046</td><td>2,824</td><td>7.05</td></tr><tr><td>Residential mortgage</td><td>10,993</td><td>705</td><td>6.41</td><td>10,489</td><td>642</td><td>6.13</td><td>9,574</td><td>568</td><td>5.94</td></tr><tr><td>Home equity</td><td>12,269</td><td>701</td><td>5.71</td><td>11,887</td><td>897</td><td>7.54</td><td>12,070</td><td>900</td><td>7.45</td></tr><tr><td>Automobile loans</td><td>8,925</td><td>566</td><td>6.34</td><td>10,704</td><td>674</td><td>6.30</td><td>9,570</td><td>552</td><td>5.77</td></tr><tr><td>Credit card</td><td>1,708</td><td>167</td><td>9.77</td><td>1,276</td><td>133</td><td>10.39</td><td>838</td><td>99</td><td>11.84</td></tr><tr><td>Other consumer loans and leases</td><td>1,212</td><td>64</td><td>5.28</td><td>1,219</td><td>65</td><td>5.36</td><td>1,395</td><td>68</td><td>4.87</td></tr><tr><td>Subtotal consumer</td><td>35,107</td><td>2,203</td><td>6.27</td><td>35,575</td><td>2,411</td><td>6.78</td><td>33,447</td><td>2,187</td><td>6.54</td></tr><tr><td>Total loans and leases</td><td>85,835</td><td>4,949</td><td>5.77</td><td>78,348</td><td>5,430</td><td>6.93</td><td>73,493</td><td>5,011</td><td>6.82</td></tr><tr><td>Securities:</td><td></td><td></td><td></td><td></td><td></td><td></td><td></td><td></td><td></td></tr><tr><td>Taxable</td><td>13,082</td><td>643</td><td>4.91</td><td>11,131</td><td>566</td><td>5.08</td><td>20,306</td><td>904</td><td>4.45</td></tr><tr><td>Exempt from income taxes</td><td>342</td><td>25</td><td>7.35</td><td>499</td><td>36</td><td>7.29</td><td>604</td><td>45</td><td>7.38</td></tr><tr><td>Other short-term investments</td><td>621</td><td>13</td><td>2.15</td><td>404</td><td>19</td><td>4.80</td><td>396</td><td>21</td><td>5.27</td></tr><tr><td>Total interest- earning assets</td><td>99,880</td><td>5,630</td><td>5.64</td><td>90,382</td><td>6,051</td><td>6.70</td><td>94, 799</td><td>5,981</td><td>6.31</td></tr><tr><td>Cash and due from banks</td><td>2,490</td><td></td><td></td><td>2,275</td><td></td><td></td><td>2,477</td><td></td><td></td></tr><tr><td>Other assets</td><td>13,411</td><td></td><td></td><td>10,613</td><td></td><td></td><td>8,713</td><td></td><td></td></tr><tr><td>Allowance for loan and lease losses</td><td>(1,485)</td><td></td><td></td><td>793)</td><td></td><td></td><td>(751)</td><td></td><td></td></tr><tr><td>Total assets</td><td>S114,296</td><td></td><td></td><td>S102,477</td><td></td><td></td><td>S105,238</td><td></td><td></td></tr><tr><td>Liabilities and Shareholders' Equity</td><td></td><td></td><td></td><td></td><td></td><td></td><td></td><td></td><td></td></tr><tr><td>Interest-bearing liabilities:</td><td></td><td></td><td></td><td></td><td></td><td></td><td></td><td></td><td></td></tr><tr><td>Interest-bearing core deposits:</td><td></td><td></td><td></td><td></td><td></td><td></td><td></td><td></td><td></td></tr><tr><td>Interest checking</td><td>S14,095</td><td>S126</td><td>0.89 %</td><td>S14,820</td><td>S318</td><td>2.14 %</td><td>S16,650</td><td>S398</td><td>2.39 %</td></tr><tr><td>Savings</td><td>16,192</td><td>224</td><td>1.38</td><td>14,836</td><td>456</td><td>3.07</td><td>12,189</td><td>363</td><td>2.98</td></tr><tr><td>Money market</td><td>6,127</td><td>118</td><td>1.92</td><td>6,308</td><td>269</td><td>4.26</td><td>6,366</td><td>261</td><td>4.10</td></tr><tr><td>Foreign office deposits</td><td>2,153</td><td>34</td><td>1.60</td><td>1,762</td><td>73</td><td>4.15</td><td>732</td><td>29</td><td>3.93</td></tr><tr><td>Other time deposits_</td><td>11,135</td><td>411</td><td>3.69</td><td>10,778</td><td>495</td><td>4.59</td><td>10,500</td><td>433</td><td>4.12</td></tr><tr><td>Total interest bearing core deposits</td><td>49,702</td><td>913</td><td>1.84</td><td>48,504</td><td>1,611</td><td>3.32</td><td>46,437</td><td>1,484</td><td>3.20</td></tr><tr><td>Certificates S1o0,000 and over</td><td>9,531</td><td>324</td><td>3.40</td><td>6,466</td><td>328</td><td>5.07</td><td>5,795</td><td>278</td><td>4.80</td></tr><tr><td>Other foreign office deposits</td><td>2,163</td><td>52</td><td>2.42</td><td>1,393</td><td>68</td><td>4.91</td><td>2,979</td><td>148</td><td>4.97</td></tr><tr><td>Federal funds purchased</td><td>2,975</td><td>70</td><td>2.34</td><td>3,646</td><td>184</td><td>5.04</td><td>4,148</td><td>208</td><td>5.02</td></tr><tr><td>Other short-term borrowings</td><td>7,785</td><td>178</td><td>2.29</td><td>3,244</td><td>140</td><td>4.32</td><td>4,522</td><td>194</td><td>4.28</td></tr><tr><td>Long-term debt</td><td>13,903</td><td>557</td><td>4.01</td><td>12,505</td><td>687</td><td>5.50</td><td>14,247</td><td>770</td><td>5.40</td></tr><tr><td>Total interest-bearing liabilities</td><td>86,059</td><td>2,094</td><td>2.43</td><td>75,758</td><td>3,018</td><td>3.98</td><td>78,128</td><td>3,082</td><td>3.94</td></tr><tr><td>Demand deposits</td><td>14,017</td><td></td><td></td><td>13,261</td><td></td><td></td><td>13,741</td><td></td><td></td></tr><tr><td>Other liabilities</td><td>4,182</td><td></td><td></td><td>3,875</td><td></td><td></td><td>3,558</td><td></td><td></td></tr><tr><td>Total liabilities</td><td>104,258</td><td></td><td></td><td>92,894</td><td></td><td></td><td>95,427</td><td></td><td></td></tr><tr><td>Shareholders' equity</td><td>10,038</td><td></td><td></td><td>9,583</td><td></td><td></td><td>9,811</td><td></td><td></td></tr><tr><td>Total liabilities and shareholders' equity</td><td>S114,296</td><td></td><td></td><td>5102,477</td><td></td><td></td><td>S105,238</td><td></td><td></td></tr><tr><td>Net interest income</td><td></td><td>S3,536</td><td></td><td></td><td>S3,033</td><td></td><td></td><td>52,899</td><td></td></tr><tr><td>Net interest margin</td><td></td><td></td><td>3.54 %</td><td></td><td></td><td>3.36 %</td><td></td><td></td><td>3.06 %</td></tr><tr><td>Net interest rate spread</td><td></td><td></td><td>3.21</td><td></td><td></td><td>2.72</td><td></td><td></td><td>2.37</td></tr><tr><td>Interest-bearing liabilities tO interest-c</td><td>-earning assets</td><td></td><td>86.16</td><td></td><td></td><td>83.82</td><td></td><td></td><td>82.41</td></tr><tr><td colspan=""9""></td><td></td></tr></tbody></table>",364,normal,,E: >=0.8
fintab_001612,extreme,0.2059,0.5392,6.704,"<table><thead><tr><th></th><th>Year Ended December</th><th>31. 2014</th></tr></thead><tbody><tr><td></td><td>American</td><td></td></tr><tr><td></td><td>Airlines</td><td></td></tr><tr><td></td><td>Group</td><td>American</td></tr><tr><td></td><td>(Parent Non-</td><td>Eliminations Airlines</td></tr><tr><td></td><td>Company Guarantor</td><td>and Group Inc</td></tr><tr><td></td><td>Only) American Subsidiaries</td><td>Reclassifications Consolidated</td></tr><tr><td>Net income (loss)</td><td>S 2,882 $ 2,948</td><td>$ (2,944) S 2,882</td></tr><tr><td>Other comprehensive income (loss):</td><td></td><td></td></tr><tr><td>Defined benefit pension plans and retiree medical:</td><td></td><td></td></tr><tr><td>Amortization of actuarial loss and prior service cost</td><td>(163)</td><td>(163</td></tr><tr><td>Current year change</td><td>(2,621) (12)</td><td>(2,633</td></tr><tr><td>Derivative financial instruments:</td><td></td><td></td></tr><tr><td>Change in fair value</td><td>(52)</td><td>(54)</td></tr><tr><td>Reclassification into eamnings</td><td></td><td></td></tr><tr><td>Unrealized gain (loss) on investments:</td><td></td><td></td></tr><tr><td>Net change in value</td><td></td><td></td></tr><tr><td>Reversal ofnon-cash tax provision</td><td>328</td><td>330</td></tr><tr><td>Total other comprehensive income (loss)</td><td>(2516) 12)</td><td>(2527)</td></tr><tr><td>Total comprehensive income (loss)</td><td>S 2,883 432 (16)</td><td>(2,944) 355</td></tr></tbody></table>",39,normal,,B: <0.3
fintab_001313,medium,0.7397,0.8493,6.998,"<table><thead><tr><th></th><th></th><th>Year Ended December 31 ,</th><th></th></tr></thead><tbody><tr><td></td><td>2015</td><td>2014</td><td>2013</td></tr><tr><td></td><td></td><td>(Dollars in thousands)</td><td></td></tr><tr><td>Operating Profit</td><td></td><td></td><td></td></tr><tr><td>Vascular North America</td><td>S 73,284 $</td><td>53,807 S</td><td>28,809</td></tr><tr><td>Anesthesia North America</td><td>48,311</td><td>34,566</td><td>19,525</td></tr><tr><td>Surgical North America</td><td>52,529</td><td>49,592</td><td>50,334</td></tr><tr><td>EMEA</td><td>92,326</td><td>114,650</td><td>87,902</td></tr><tr><td>Asia</td><td>67,887</td><td>62,152</td><td>63,822</td></tr><tr><td>OEM</td><td>33,162</td><td>30,635</td><td>27,328</td></tr><tr><td>All other</td><td>20,356</td><td>19,762</td><td>24,565</td></tr><tr><td>Total segment operating profit</td><td>387,855</td><td>365,164</td><td>302,285</td></tr><tr><td>Unallocated expenses (2)</td><td>(71,964)</td><td>(80,302)</td><td>(69,024)</td></tr><tr><td>extinguishment of debt and taxes Income from continuing operations before interest; loss on</td><td>315,891</td><td>284,862</td><td>233,261</td></tr></tbody></table>",46,normal,,D: 0.5-0.8
fintab_002314,medium,0.8321,0.9389,12.048,"<table><thead><tr><th></th><th>December 31,</th><th></th></tr></thead><tbody><tr><td></td><td>2018</td><td>2017</td></tr><tr><td>5.625%, due September 2041</td><td>375</td><td>375</td></tr><tr><td>5. .00%, due August 2042</td><td>625</td><td>625</td></tr><tr><td>4.70%, duc Novcmber 2042</td><td>475</td><td>475</td></tr><tr><td>5.00%, due March 2043</td><td>700</td><td>700</td></tr><tr><td>5.50%, due March 2044</td><td>750</td><td>750</td></tr><tr><td>5.40%, due September 2044</td><td>550</td><td>550</td></tr><tr><td>5.55%, due June 2045</td><td>1,750</td><td>1,750</td></tr><tr><td>5. .05%, due February 2046</td><td>800</td><td>800</td></tr><tr><td>5.20%, due March 2048</td><td>750</td><td></td></tr><tr><td>7.45%, due March 2098</td><td>26</td><td>26</td></tr><tr><td>TGP senior notes(b)</td><td></td><td></td></tr><tr><td>7.00%, due March 2027</td><td>300</td><td>300</td></tr><tr><td>7.00%, due October 2028</td><td>400</td><td>400</td></tr><tr><td>8.375%, due June 2032</td><td>240</td><td>240</td></tr><tr><td>7.625%, due April 2037</td><td>300</td><td>300</td></tr><tr><td>EPNG senior notes(b)</td><td></td><td></td></tr><tr><td>8.625%, due January 2022</td><td>260</td><td>260</td></tr><tr><td>7.50%, due November 2026</td><td>200</td><td>200</td></tr><tr><td>8.375%, due June 2032</td><td>300</td><td>300</td></tr><tr><td>CIG senior notes(b)</td><td></td><td></td></tr><tr><td>4.15%, due August 2026</td><td>375</td><td>375</td></tr><tr><td>6. .85%, due June 2037</td><td>100</td><td>100</td></tr><tr><td>EPC Building, LLC, promissory note, 3.967%, due December 2035</td><td>409</td><td>421</td></tr><tr><td>Trust Preferred Securities, 4.75%, due March 2028(d)</td><td>221</td><td>221</td></tr><tr><td>KMGP; $1,O00 Liquidation Value Series A Fixed-to-Floating Rate Term Cumulative Preferred Stock; due</td><td></td><td></td></tr><tr><td>August 2057(e)</td><td>100</td><td>100</td></tr><tr><td>Other miscellaneous debt(f)</td><td>250</td><td>278</td></tr><tr><td>Total debt KMI and Subsidiaries</td><td>36,593</td><td>36,916</td></tr><tr><td>Less: Current portion of debt(g)</td><td>3388</td><td>2.828</td></tr><tr><td>Total long-term debt KMI and Subsidiaries(h)</td><td>33.205</td><td>34.088</td></tr></tbody></table>",84,normal,,E: >=0.8
fintab_001184,medium,0.7907,0.8605,3.632,"<table><thead><tr><th></th><th></th><th>Weighted-average</th><th></th></tr></thead><tbody><tr><td></td><td>2011</td><td>2012</td><td>2013</td></tr><tr><td>Grant-date fair value per option awarded, including reload grants</td><td>S 17.94</td><td>S 16.27</td><td>S 19.56</td></tr><tr><td>Assumptions used:</td><td></td><td></td><td></td></tr><tr><td>Expected life in years</td><td>6.9</td><td>6.8</td><td>7.0</td></tr><tr><td>Expected volatility</td><td>33%</td><td>32%</td><td>31%</td></tr><tr><td>Dividend yield</td><td>1.9%</td><td>2.1%</td><td>2.1%</td></tr><tr><td>Risk-free interest rate</td><td>2.2%</td><td>1.3%</td><td>1.9%</td></tr></tbody></table>",25,normal,,D: 0.5-0.8
fintab_001892,extreme,0.6061,0.7879,4.318,"<table><thead><tr><th>(dollars in millions)</th><th></th><th></th><th colspan=""2"">Years Ended December 3 1</th><th></th><th></th></tr></thead><tbody><tr><td></td><td>2014</td><td></td><td>2013</td><td></td><td>2012</td><td></td></tr><tr><td>Statutory federal income tax rate</td><td>$ 135.7</td><td>35.0% S</td><td>68.4</td><td>35.0% S</td><td>65.1</td><td>35.0%</td></tr><tr><td>State taxes, net of federal effect</td><td>6.5</td><td>1.6</td><td>(5.0)</td><td>(2.6)</td><td>0.4</td><td>0.2</td></tr><tr><td>Equity-based compensation</td><td>1.1</td><td>0.3</td><td>15</td><td>0.7</td><td>5.7</td><td>3.1</td></tr><tr><td>Effect of rates different than statutory</td><td>(1.9)</td><td>(0.5)</td><td>(1.4)</td><td>(0.7)</td><td>(1.4)</td><td>(0.8)</td></tr><tr><td>Other</td><td>1.44</td><td>0.4</td><td>(0.8)</td><td>(0.3)</td><td>(2.7)</td><td>(1.5)</td></tr><tr><td>Effective tax rate</td><td>S 142.8</td><td>36.8% S</td><td>62.7</td><td>32.1% S</td><td>67.1</td><td>36.0%</td></tr></tbody></table>",47,normal,,D: 0.5-0.8
fintab_001697,medium,0.5152,0.5152,2.421,<table><thead><tr><th></th><th></th><th>2017-2 EETCs</th><th></th></tr></thead><tbody><tr><td></td><td>Series AA</td><td>Series A</td><td>Series B</td></tr><tr><td>Aggregate principal issued</td><td>S545 million</td><td>S252 million</td><td>S221 million</td></tr><tr><td>Remaining escrowed proceeds</td><td>S152 million</td><td>S70 million</td><td>S61 million</td></tr><tr><td>Fixed interest rate per annum</td><td>3.35%</td><td>3.60%</td><td>3.70%</td></tr><tr><td>Maturity date</td><td>October 2029</td><td>October 2029</td><td>October 2025</td></tr></tbody></table>,20,normal,,D: 0.5-0.8
fintab_000666,medium,0.6724,0.7414,5.769,"<table><thead><tr><th></th><th>North Africa</th><th>Key Market Data</th><th></th></tr><tr><th></th><th></th><th>Ful-Year</th><th></th></tr><tr><th></th><th></th><th></th><th>Change</th></tr></thead><tbody><tr><td></td><td>2047</td><td>2016</td><td>% Lpp</td></tr><tr><td>Total Cigarette Market (billion units)</td><td>144.9</td><td>142.3</td><td>1.9%</td></tr><tr><td>PMI Cigarette Shipments (million units)</td><td>35,085</td><td>34,035</td><td>3.1%</td></tr><tr><td>PMI Cigarette Market Share</td><td></td><td></td><td></td></tr><tr><td>Marlboro</td><td>9.3%</td><td>8.3%</td><td>1.0</td></tr><tr><td>L&M</td><td>11.8%</td><td>12.2%/</td><td>(0.4)</td></tr><tr><td>Others</td><td>2.9%</td><td>2.7/</td><td>0.2</td></tr><tr><td>Total</td><td>24.0%</td><td>23.2%</td><td>0.8</td></tr></tbody></table>",32,nested_column,,D: 0.5-0.8
fintab_000034,medium,0.851,0.9279,16.578,"<table><thead><tr><th></th><th></th><th>Outpatient Medical</th><th></th></tr><tr><th></th><th>Number of</th><th>Total</th><th>Annualized</th></tr><tr><th>Property Location</th><th>Properties</th><th>Investment</th><th>Revenues</th></tr></thead><tbody><tr><td>Alaska</td><td>1</td><td>21,859</td><td>$ 2,562</td></tr><tr><td>Alabama</td><td>3</td><td>30,531</td><td>5,233</td></tr><tr><td>Arkansas</td><td>4</td><td>22,845</td><td>2,079</td></tr><tr><td>Arizona</td><td></td><td>65,537</td><td>8.466</td></tr><tr><td>California</td><td>29</td><td>841,277</td><td>80,417</td></tr><tr><td>Colorado</td><td>3</td><td>29,924</td><td>4,097</td></tr><tr><td>Connecticut</td><td>1</td><td>41,153</td><td>2,318</td></tr><tr><td>Florida</td><td>33</td><td>400,031</td><td>48,218</td></tr><tr><td>Georgia</td><td>10</td><td>175,245</td><td>24,572</td></tr><tr><td>Iowa</td><td>1</td><td>6,794</td><td>1,653</td></tr><tr><td>Illinois</td><td>5</td><td>51,613</td><td>8,920</td></tr><tr><td>Indiana</td><td>8</td><td>146,612</td><td>18,383</td></tr><tr><td>Kansas</td><td>7</td><td>75,300</td><td>12,673</td></tr><tr><td>Kentucky</td><td>5</td><td>7,677</td><td>752</td></tr><tr><td>Maryland</td><td></td><td>85,994</td><td>13,394</td></tr><tr><td>Maine</td><td>1</td><td>20,470</td><td>2,980</td></tr><tr><td>Michigan</td><td>2</td><td>22,315</td><td>1,931</td></tr><tr><td>Minnesota</td><td>8</td><td>172,680</td><td>28,877</td></tr><tr><td>Missouri</td><td>7</td><td>142,631</td><td>18,383</td></tr><tr><td>North Carolina</td><td>3</td><td>55,776</td><td>7,199</td></tr><tr><td>Nebraska</td><td>2</td><td>35,186</td><td>5,465</td></tr><tr><td>New Hampshire</td><td>7</td><td>14,009</td><td>806</td></tr><tr><td>New Jersey</td><td></td><td>205,118</td><td>42,169</td></tr><tr><td>New Mexico</td><td>3</td><td>33,235</td><td>3,715</td></tr><tr><td>Nevada</td><td>5</td><td>45,069</td><td>4,194</td></tr><tr><td>New York</td><td>8</td><td>102,417</td><td>6,849</td></tr><tr><td>Ohio</td><td>7</td><td>67,209</td><td>11,365</td></tr><tr><td>Oklahoma</td><td>2</td><td>24,987</td><td>3,262</td></tr><tr><td>Oregon</td><td></td><td>9,506</td><td>1,575</td></tr><tr><td>South Carolina</td><td>;</td><td>25,853</td><td>2,138</td></tr><tr><td>Tennessee</td><td></td><td>78,058</td><td>10.499</td></tr><tr><td>Texas</td><td>53</td><td>891,821</td><td>97,226</td></tr><tr><td>Virginia</td><td>2</td><td>33,073</td><td>5,103</td></tr><tr><td>Washington</td><td>6</td><td>179,100</td><td>20,751</td></tr><tr><td>Wisconsin</td><td>20</td><td>267,226</td><td>27,991</td></tr><tr><td>Total domestic</td><td>258</td><td>4,428,131</td><td>536,215</td></tr><tr><td>United Kingdom</td><td></td><td>267,204</td><td>23,849</td></tr><tr><td>Grand total</td><td>262</td><td>S4,695,335</td><td>S560,064</td></tr></tbody></table>",154,nested_column,,E: >=0.8
fintab_001166,extreme,0.4483,0.6092,5.834,"<table><thead><tr><th></th><th></th><th></th><th>December 31,</th><th></th><th></th></tr></thead><tbody><tr><td></td><td>2018</td><td>2017</td><td>2016</td><td>2015</td><td>2014</td></tr><tr><td></td><td></td><td></td><td>in thousands)</td><td></td><td></td></tr><tr><td>Consolidated Balance Sheet Data:</td><td></td><td></td><td></td><td></td><td></td></tr><tr><td>Cash, cash equivalents and marketable</td><td></td><td></td><td></td><td></td><td></td></tr><tr><td>securities</td><td>$ 1,956,147</td><td>$ 1,535,555</td><td>S 867,833</td><td>$ 687,326</td><td>$ 449,457</td></tr><tr><td>Working capital</td><td>2,108,298</td><td>1,736,524</td><td>1,066,573</td><td>739,317</td><td>535,106</td></tr><tr><td>Total assets</td><td>3,081,983</td><td>2,460,860</td><td>1,729,007</td><td>1,159,890</td><td>811,023</td></tr><tr><td>Total indebtedness</td><td>37,743</td><td>39,592</td><td>41,210</td><td>42,546</td><td>43,634</td></tr><tr><td>Total deferred revenue and customer</td><td></td><td></td><td></td><td></td><td></td></tr><tr><td>contract liabilities</td><td>619,822</td><td>515,262</td><td>372,935</td><td>196,808</td><td>106,468</td></tr><tr><td>Total stockholders' equity</td><td>$ 2,143,389</td><td>S 1,661,914</td><td>$ 1,107,820</td><td>S 788,152</td><td>S 555,658</td></tr></tbody></table>",46,normal,,C: 0.3-0.5
fintab_002556,medium,0.7778,0.963,12.816,"<table><thead><tr><th></th><th colspan=""2""></th><th></th></tr></thead><tbody><tr><td></td><td>2006</td><td>2005</td><td>2004</td></tr><tr><td></td><td colspan=""3""></td></tr><tr><td>NUMERATOR</td><td></td><td></td><td></td></tr><tr><td>Income from continuing operations</td><td>95,076</td><td>$ 84,433</td><td>$ 64,041</td></tr><tr><td>Preferred stock dividends</td><td>(10,423)</td><td>(11,475)</td><td>(11,475)</td></tr><tr><td>Preferred stock redemption costs</td><td>(4,775)</td><td></td><td></td></tr><tr><td>Income from continuing operations available for common shareholders</td><td>79,878</td><td>72,958</td><td>52,566</td></tr><tr><td>Loss (income) from discontinued operations</td><td>(320)</td><td>(569)</td><td>6,063</td></tr><tr><td>Gain on sale of real estate</td><td>23,956</td><td>30,748</td><td>14,052</td></tr><tr><td>Net income available for common shareholders, basic and dilutive</td><td>S103,514</td><td>$103,137</td><td>72,681</td></tr><tr><td>DENOMINATOR</td><td></td><td></td><td></td></tr><tr><td>Weighted average common shares outstanding-~basic</td><td>53,469</td><td>52,533</td><td>51,008</td></tr><tr><td>Effect of dilutive securities:</td><td></td><td></td><td></td></tr><tr><td>Stock options</td><td>389</td><td>517</td><td>539</td></tr><tr><td>Unvested stock</td><td>104</td><td></td><td></td></tr><tr><td>Weighted average common shares outstanding</td><td>dilutive 53, 962</td><td>53,050</td><td>51,547</td></tr><tr><td>EARNINGS PER COMMON SHARE, BASIC</td><td></td><td></td><td></td></tr><tr><td>Continuing operations</td><td>1.50</td><td>$ 1.39</td><td>1.03</td></tr><tr><td>(Loss) income from discontinued operations</td><td>(0.01)</td><td>(0.01)</td><td>0.12</td></tr><tr><td>Gain on sale of real estate</td><td>0.45</td><td>0.58</td><td>0.27</td></tr><tr><td></td><td>1.94</td><td>1.96</td><td>S 1.42</td></tr><tr><td>EARNINGS PER COMMON SHARE, DILUTED</td><td></td><td></td><td></td></tr><tr><td>Continuing operations</td><td>1.48</td><td>$ 1.37</td><td>S 1.02</td></tr><tr><td>(Loss) income from discontinued operations</td><td>(0.01)</td><td>(0.01)</td><td>0.12</td></tr><tr><td>Gain on sale of real estate</td><td>0.45</td><td>0.58</td><td>0.27</td></tr><tr><td></td><td>1.92</td><td>1.94</td><td>$ 1.41</td></tr></tbody></table>",80,normal,,D: 0.5-0.8
fintab_000717,medium,0.2881,0.5932,2.964,"<table><thead><tr><th></th><th>December 30, December 34_</th><th></th><th></th><th>December 31,</th><th>January 3,</th><th></th></tr></thead><tbody><tr><td></td><td>2017 2016</td><td></td><td></td><td>2016</td><td>2016</td><td></td></tr><tr><td></td><td>(52 weeks) (52 weeks)</td><td>%</td><td>Change</td><td>(52 weeks)</td><td>(53 weeks)</td><td>% Change</td></tr><tr><td></td><td>(in millions)</td><td></td><td></td><td>(in millions)</td><td></td><td></td></tr><tr><td>Net sales</td><td>26,232 S 26,487</td><td></td><td>(1.0)% S</td><td>26,487</td><td>S 18,338</td><td>44.4 %</td></tr><tr><td>Pro forma net sales(a)</td><td>26,232 26,487</td><td></td><td>(1.0)%</td><td>26,487</td><td>27,447</td><td>(3.5)%</td></tr><tr><td>Organic Net Sales(b)</td><td>26,169 26,432</td><td></td><td>(1.0)%</td><td>26,817</td><td>26,728</td><td>03</td></tr></tbody></table>",32,normal,,B: <0.3
fintab_002092,medium,0.8116,0.8986,4.678,"<table><thead><tr><th></th><th></th><th>2013</th><th>2012</th><th></th></tr></thead><tbody><tr><td>in millions)</td><td>Amount</td><td>Ratio</td><td>Amount</td><td>Ratio</td></tr><tr><td>Tier I risk-based capital (to risk-weighted assets):</td><td></td><td></td><td></td><td></td></tr><tr><td>Fifth Third Bancorp (Consolidated)</td><td>$ 12,094</td><td>10.36%/</td><td>S 11,685</td><td>10.65%/</td></tr><tr><td>Fifth Third Bank</td><td>13,245</td><td>11.52</td><td>12,145</td><td>11.28</td></tr><tr><td>Total risk-based capital (to risk-weighted assets)</td><td></td><td></td><td></td><td></td></tr><tr><td>Fifth Third Bancorp (Consolidated)</td><td>16,441</td><td>14.08</td><td>15,816</td><td>14.42</td></tr><tr><td>Fifth Third Bank</td><td>14,795</td><td>12.86</td><td>13,721</td><td>12.74</td></tr><tr><td>Tier I leverage (to average assets):</td><td></td><td></td><td></td><td></td></tr><tr><td>Fifth Third Bancorp (Consolidated)</td><td>12,094</td><td>9.64</td><td>11,685</td><td>10.05</td></tr><tr><td>Fifth Third Bank</td><td>13,245</td><td>10.73</td><td>12,145</td><td>10.65</td></tr></tbody></table>",40,normal,,E: >=0.8
fintab_002608,medium,0.8481,0.9367,25.653,"<table><thead><tr><th></th><th>Original</th><th>Principal Balance</th><th>Stated Interest Rate</th><th></th></tr><tr><th></th><th>Debt</th><th>as of</th><th>as of</th><th></th></tr></thead><tbody><tr><td>Description of Debt</td><td>Issued</td><td>December 31, 2007</td><td>December 31, 2007</td><td>Maturity Date</td></tr><tr><td></td><td colspan=""2""></td><td></td><td></td></tr><tr><td>Mortgage loans(1)</td><td></td><td></td><td></td><td></td></tr><tr><td>Secured fixed rate</td><td></td><td></td><td></td><td></td></tr><tr><td>Leesburg Plaza</td><td>S 9,900</td><td>S 9,631</td><td>6.510%</td><td>October 1, 2008</td></tr><tr><td>164 E: Houston Street</td><td>345</td><td>46</td><td>7.500%</td><td>October 6, 2008</td></tr><tr><td>White Marsh Other</td><td>Acquired</td><td>1,149</td><td>6.060%</td><td>December 31,2008</td></tr><tr><td>Mercer Mall</td><td>Acquired</td><td>4.,441</td><td>8.375%</td><td>April 1, 2009</td></tr><tr><td>Federal Plaza</td><td>36,500</td><td>33,675</td><td>6.750%</td><td>June 1, 2011</td></tr><tr><td>Tysons Station</td><td>7 1,000</td><td>6,217</td><td>7.400%</td><td>September 1, 2011</td></tr><tr><td>White Marsh Plaza(2)</td><td>Acquired</td><td>10,350</td><td>6.040%</td><td>April 1, 2013</td></tr><tr><td>Crow Canyon</td><td>Acquired</td><td>21,588</td><td>5.400%</td><td>August 11, 2013</td></tr><tr><td>Melville Mall(3)</td><td>Acquired</td><td>25,095</td><td>5.250%</td><td>September 1, 2014</td></tr><tr><td>THE A VENUE at White Marsh</td><td>Acquired</td><td>61,035</td><td>5.460%</td><td>January 1, 2015</td></tr><tr><td>Barracks Road</td><td>44,300</td><td>41,988</td><td>7.950%</td><td>November 1, 2015</td></tr><tr><td>Hauppauge</td><td>16,700</td><td>15,828</td><td>7.950%</td><td>November 4, 2015</td></tr><tr><td>Lawrence Park</td><td>31,400</td><td>29,761</td><td>7.950%</td><td>November 1, 2015</td></tr><tr><td>Wildwood</td><td>27,600</td><td>26,159</td><td>7.950%</td><td>November 1, 2015</td></tr><tr><td>Wynnewood</td><td>32,000</td><td>30.330</td><td>7.950%</td><td>November 1, 2015</td></tr><tr><td>Brick Plaza</td><td>33,000</td><td>31,128</td><td>7.415%</td><td>November 1, 2015</td></tr><tr><td>Shoppers"" World</td><td>Acquired</td><td>5,980</td><td>5.910%</td><td>January 31, 2021</td></tr><tr><td>Mount Vernon(4)</td><td>13,250</td><td>11,962</td><td>5.660%</td><td>April 15,2028</td></tr><tr><td>Chelsea</td><td>Acquired</td><td>8.240</td><td>5.360%</td><td>January 15, 2031</td></tr><tr><td>Subtotal</td><td></td><td>374,603</td><td></td><td></td></tr><tr><td>Net unamortized discount</td><td></td><td>(628</td><td></td><td></td></tr><tr><td>Total mortgage loans</td><td></td><td>373,975</td><td></td><td></td></tr><tr><td>Notes payable</td><td></td><td></td><td></td><td></td></tr><tr><td>Unsecured fixed rate</td><td></td><td></td><td></td><td></td></tr><tr><td>Perring Plaza renovation</td><td>3,087</td><td>1,420</td><td>10.000%</td><td>January 31,2013</td></tr><tr><td>Unsecured variable rate</td><td></td><td></td><td></td><td></td></tr><tr><td>Term note(5)</td><td>200,000</td><td>200,000</td><td>LIBOR + 0.575%</td><td>November 6, 2008</td></tr><tr><td>Revolving credit facility</td><td>300,000</td><td></td><td>LIBOR + 0.425%</td><td>July 27, 2010</td></tr><tr><td>Escondido (Municipal bonds)(7)</td><td>9,400</td><td>9,400</td><td>3.474%</td><td>October 1, 2016</td></tr><tr><td>Total notes payable</td><td></td><td>210,820</td><td></td><td></td></tr><tr><td>Senior notes and debentures</td><td></td><td></td><td></td><td></td></tr><tr><td>Unsecured fixed rate</td><td></td><td></td><td></td><td></td></tr><tr><td>8.75% notes</td><td>175,000</td><td>175,000</td><td>8.750%</td><td>December 1, 2009</td></tr><tr><td>4.50% notes</td><td>75,000</td><td>75,000</td><td>4.500%</td><td>February 15,2011</td></tr><tr><td>6.00% notes</td><td>175,000</td><td>175,000</td><td>6.000%</td><td>July 15, 2012</td></tr><tr><td>5.40% notes</td><td>135,000</td><td>135,000</td><td>5.400%</td><td>December 1, 2013</td></tr><tr><td>5.65% notes</td><td>125,000</td><td>125,000</td><td>5.6509</td><td>June 1, 2016</td></tr><tr><td>6.20% notes</td><td>200,000</td><td>200,000</td><td>6.200%</td><td>January 15,2017</td></tr><tr><td>7.48% debentures(8)</td><td>50,000</td><td>50,000</td><td>7.480%</td><td>August 15, 2026</td></tr><tr><td>6.82% medium term notes</td><td>40,000</td><td>40,000</td><td>6.820%</td><td>August 1, 2027</td></tr><tr><td>Subtotal</td><td></td><td>975,000</td><td></td><td></td></tr><tr><td>Net unamortized premium</td><td></td><td>2,556</td><td></td><td></td></tr><tr><td>Total senior notes and debentures</td><td></td><td>977,556</td><td></td><td></td></tr><tr><td>Capital lease obligations</td><td></td><td></td><td></td><td></td></tr><tr><td>Various</td><td></td><td>76,109</td><td>Various</td><td>Various through 2106</td></tr><tr><td>Total debt and capital lease obligations</td><td></td><td>S1,638,460</td><td></td><td></td></tr><tr><td colspan=""5"">(1)</td></tr></tbody></table>",196,nested_column,,E: >=0.8
fintab_001047,medium,0.5614,0.8772,3.702,"<table><thead><tr><th></th><th colspan=""2"">Fiscal year ended December 30, 2006</th><th colspan=""2"">Fiscal year ended December 31,2005</th><th>Year over Year</th><th></th></tr></thead><tbody><tr><td></td><td>Net Sales</td><td>% of Revenues</td><td>Net Sales</td><td>% of Revenues</td><td>$ Change</td><td>% Change</td></tr><tr><td>Outdoor/Fitness</td><td>S285.362</td><td>16.1%7</td><td>S236.936</td><td>23.1%1</td><td>S48,426</td><td>20.4%</td></tr><tr><td>Marine</td><td>166,639</td><td>9.4%</td><td>158,262</td><td>15.4%1</td><td>8.377</td><td>5.3%</td></tr><tr><td>Automotive/Mobile</td><td>1,089.093</td><td>61.4%1</td><td>403,417</td><td>39.2%1</td><td>685.676</td><td>170.0%</td></tr><tr><td>Aviation</td><td>232,906</td><td>13.1%</td><td>229.158</td><td>22.3%</td><td>3,748</td><td>1.6%</td></tr><tr><td>Total</td><td>S1,774,000</td><td>100.0%]</td><td>SL.027.773</td><td>100.0%1</td><td>S746,227</td><td>72.6%/</td></tr></tbody></table>",44,normal,,D: 0.5-0.8
fintab_001815,medium,0.3548,0.5269,6.749,"<table><thead><tr><th>Year Ended</th><th></th><th>For stockholders</th><th></th><th>Cash paid</th></tr></thead><tbody><tr><td>December 31 Period</td><td>Per share</td><td>of record as of</td><td>Payable on</td><td>(millions)</td></tr><tr><td>2016 Fourth Quarter</td><td>5 0.10</td><td>November 7 2016</td><td>November 21, 2016</td><td>52</td></tr><tr><td>Third Quarter</td><td>0.10</td><td>August 5, 2016</td><td>August 19, 2016</td><td>53</td></tr><tr><td>Second Quarter</td><td>0.10</td><td>May 4, 2016</td><td>May 18, 2016</td><td>58</td></tr><tr><td>First Quarter</td><td>0.10</td><td>February 10, 2016</td><td>February 24, 2016</td><td>61</td></tr><tr><td>Total</td><td>5 0.40</td><td></td><td></td><td>224</td></tr><tr><td>2015 Fourth Quarter</td><td>5 0.10</td><td>November 5, 2015</td><td>November 19, 2015</td><td>72</td></tr><tr><td>Third Quarter</td><td>0.10</td><td>August 10, 2015</td><td>August 24, 2015</td><td>66</td></tr><tr><td>Second Quarter</td><td>0.10</td><td>May 4,2015</td><td>May 18, 2015</td><td>70</td></tr><tr><td>First Quarter</td><td>0.10</td><td>February 9, 2015</td><td>February 23, 2015</td><td>70</td></tr><tr><td>Total</td><td>S 0.40</td><td></td><td></td><td>$ 278</td></tr><tr><td>2014 Fourth Quarter</td><td>5 0.10</td><td>November 3, 2014</td><td>November 17 , 2014</td><td>72</td></tr><tr><td>Third Quarter</td><td>0.10</td><td>August 4, 2014</td><td>August 18, 2014</td><td>72</td></tr><tr><td>Total</td><td>S 0.20</td><td></td><td></td><td>$ 144</td></tr></tbody></table>",67,normal,,C: 0.3-0.5
fintab_000970,medium,0.5,0.7105,3.429,"<table><thead><tr><th></th><th></th><th>December 27, 2008</th><th colspan=""2""></th></tr></thead><tbody><tr><td></td><td>Carrying</td><td>Fair</td><td>Carrying</td><td>Fair</td></tr><tr><td></td><td>Amount</td><td>Value</td><td>Amount</td><td>Value</td></tr><tr><td>Cash and cash equivalents</td><td>S696,335</td><td>S696,335</td><td>S707,689</td><td>S707,689</td></tr><tr><td>Restricted cash</td><td>1,941</td><td>1,941</td><td>1,554</td><td>1,554</td></tr><tr><td>Marketable securities</td><td>274,895</td><td>274,895</td><td>424,505</td><td>424,505</td></tr></tbody></table>",25,normal,,D: 0.5-0.8
fintab_001755,medium,0.5357,0.6429,2.119,<table><thead><tr><th></th><th></th><th>2017-2 EETCs</th><th></th></tr></thead><tbody><tr><td></td><td>Series AA</td><td>Series A</td><td>Series B</td></tr><tr><td>Aggregate principal issued</td><td>8545 million</td><td>S252 million</td><td>S221 million</td></tr><tr><td>Fixed interest rate per annum</td><td>3.35%</td><td>3.60%</td><td>3.70%</td></tr><tr><td>Maturity date</td><td>October 2029</td><td>October 2029</td><td>October 2025</td></tr></tbody></table>,16,normal,,D: 0.5-0.8
fintab_000297,medium,0.6744,0.8605,8.253,"<table><thead><tr><th></th><th>2014</th><th></th><th>2013</th><th></th></tr></thead><tbody><tr><td></td><td></td><td>Effective</td><td></td><td>Effective</td></tr><tr><td></td><td>Amount</td><td>Interest</td><td>Amount</td><td>Interest</td></tr><tr><td></td><td>in millions)</td><td>Rate</td><td>(in millions)</td><td>Rate</td></tr><tr><td>Floating-rate notes due 2016</td><td>1,000</td><td>0.51%</td><td>1,000</td><td>0.51%</td></tr><tr><td>Floating-rate notes due 2017</td><td>1,000</td><td>0.31%</td><td></td><td></td></tr><tr><td>Floating-rate notes due 2018</td><td>2,000</td><td>1.10%</td><td>2,000</td><td>1.10%</td></tr><tr><td>Floating-rate notes due 2019</td><td>1,000</td><td>0.54%</td><td></td><td></td></tr><tr><td>Fixed-rate 0.45% notes due 2016</td><td>1,500</td><td>0.51%</td><td>1,500</td><td>0.51%</td></tr><tr><td>Fixed-rate 1.05% notes due 2017</td><td>1,500</td><td>0.30%</td><td></td><td></td></tr><tr><td>Fixed-rate 1.00% notes due 2018</td><td>4,000</td><td>1.08%</td><td>4,000</td><td>1.08%</td></tr><tr><td>Fixed-rate 2.10% notes due 2019</td><td>2,000</td><td>0.53%</td><td></td><td></td></tr><tr><td>Fixed-rate 2.85% notes due 2021</td><td>3,000</td><td>0.79%</td><td></td><td></td></tr><tr><td>Fixed-rate 2.40% notes due 2023</td><td>5,500</td><td>2.44%</td><td>5,500</td><td>2.44%</td></tr><tr><td>Fixed-rate 3.45% notes due 2024</td><td>2,500</td><td>0.90%</td><td></td><td></td></tr><tr><td>Fixed-rate 3.85% notes due 2043</td><td>3,000</td><td>3.91%</td><td>3,000</td><td>3.91%</td></tr><tr><td>Fixed-rate 4.45% notes due 2044</td><td>1,000</td><td>4.48%</td><td></td><td></td></tr><tr><td>Total borrowings</td><td>29,000</td><td></td><td>17,000</td><td></td></tr><tr><td>Unamortized discount</td><td>(52)</td><td></td><td>(403</td><td></td></tr><tr><td>Hedge accounting fair value adjustments</td><td>39</td><td></td><td></td><td></td></tr><tr><td>Total long-term debt</td><td>5 28,987</td><td></td><td>$ 16,960</td><td></td></tr></tbody></table>",74,normal,,D: 0.5-0.8
fintab_001911,extreme,0.303,0.4545,3.225,"<table><thead><tr><th>Dividend Amount</th><th>Declaration Date</th><th>Record Date</th><th>Payment Date</th></tr></thead><tbody><tr><td>S0.0675</td><td>February 10, 2015</td><td>February 25, 2015</td><td>March 10, 2015</td></tr><tr><td>S0.0675</td><td>May 7,2015</td><td>May 26,2015</td><td>June 10, 2015</td></tr><tr><td>S0.0675</td><td>August 3, 2015</td><td>August 25, 2015</td><td>September 10, 2015</td></tr><tr><td>S0.1075</td><td>November 4, 2015</td><td>November 25,2015</td><td>December 10, 2015</td></tr><tr><td>S0.3100</td><td></td><td></td><td></td></tr></tbody></table>",21,normal,,C: 0.3-0.5
fintab_002454,medium,0.4375,0.5312,2.467,"<table><thead><tr><th>Cross-Currency Swap</th><th></th><th colspan=""2""></th><th></th></tr><tr><th>Effective Date</th><th>Maturity Date</th><th>(in billions)</th><th></th><th>(in millions)</th></tr></thead><tbody><tr><td>July 2016</td><td>October 1, 2024</td><td>10.6</td><td>$</td><td>100.0</td></tr><tr><td>March 2017</td><td>April 1, 2027</td><td>11.0</td><td></td><td>96.1</td></tr><tr><td>May 2017</td><td>April 1, 2027</td><td>5.6</td><td></td><td>50.0</td></tr></tbody></table>",19,nested_column,,C: 0.3-0.5
fintab_000202,medium,0.8182,0.9221,17.461,"<table><thead><tr><th></th><th>As of December 31,</th><th></th></tr></thead><tbody><tr><td></td><td>2016</td><td>2015</td></tr><tr><td></td><td colspan=""2"">(in thousands; except share data)</td></tr><tr><td>Assets</td><td></td><td></td></tr><tr><td>Current assets</td><td></td><td></td></tr><tr><td>Cash and cash equivalents</td><td>132,603 S</td><td>121,565</td></tr><tr><td>Trade and other receivables, net</td><td>291,899</td><td>238,972</td></tr><tr><td>Inventories</td><td>114,087</td><td>121,332</td></tr><tr><td>Prepaid expenses and other assets</td><td>209,716</td><td>220,579</td></tr><tr><td>Derivative financial instruments</td><td></td><td>134,574</td></tr><tr><td>Total current assets</td><td>748,305</td><td>837,022</td></tr><tr><td>Property and equipment, net</td><td>20,161,427</td><td>18,777,778</td></tr><tr><td>Goodwill</td><td>288,386</td><td>286,764</td></tr><tr><td>Other assets</td><td>1,112,206</td><td>880,479</td></tr><tr><td></td><td>22,310,324 S</td><td>20,782,043</td></tr><tr><td>Liabilities and Shareholders' Equity</td><td></td><td></td></tr><tr><td>Current liabilities</td><td></td><td></td></tr><tr><td>Current portion of long-term debt</td><td>S 1,285,735 S</td><td>899,542</td></tr><tr><td>Accounts payable</td><td>305,313</td><td>302,072</td></tr><tr><td>Accrued interest</td><td>46,166</td><td>38,325</td></tr><tr><td>Accrued expenses and other liabilities</td><td>692,322</td><td>658,601</td></tr><tr><td>Derivative financial instruments</td><td>146,592</td><td>651,866</td></tr><tr><td>Customer deposits</td><td>1,965,473</td><td>1,742,286</td></tr><tr><td>Total current liabilities</td><td>4,441,601</td><td>4,292,692</td></tr><tr><td>Long-term debt</td><td>8,101,701</td><td>7,627,701</td></tr><tr><td>Other long-term liabilities</td><td>645,610</td><td>798,611</td></tr><tr><td>Commitments and contingencies (Note 15)</td><td></td><td></td></tr><tr><td>Shareholders' equity</td><td></td><td></td></tr><tr><td>Preferred stock (S0.01 par value; 20,000,000 shares authorized; none outstanding)</td><td></td><td></td></tr><tr><td>Common stock (SO.01 par value; 500,000,000 shares authorized; 234,613,486 and</td><td></td><td></td></tr><tr><td>233,905,166 shares issued, December 31, 2016 and December 31, 2015, respectively)</td><td>2,346</td><td>2,339</td></tr><tr><td>Paid-in capital</td><td>3,328,517</td><td>3,297,619</td></tr><tr><td>Retained earnings</td><td>7,860,341</td><td>6,944,862</td></tr><tr><td>Accumulated other comprehensive loss</td><td>(916,484)</td><td>(1,328,433)</td></tr><tr><td>Treasury stock (20,019,237 and 15,911,971 common shares at cost;, December 31,2016</td><td></td><td></td></tr><tr><td>and December 31, 2015, respectively)</td><td>(1,153,308)</td><td>(853,348)</td></tr><tr><td>Total shareholders' equity</td><td>9,121,412</td><td>8,063,039</td></tr><tr><td></td><td>S 22,310,324 S</td><td>20,782,043</td></tr></tbody></table>",88,normal,,E: >=0.8
fintab_000918,medium,0.4459,0.8514,7.678,"<table><thead><tr><th></th><th>Class A</th><th></th><th colspan=""2""></th></tr><tr><th></th><th>High</th><th>Low</th><th>High</th><th>Low</th></tr></thead><tbody><tr><td>2008</td><td></td><td></td><td></td><td></td></tr><tr><td>First Quarter</td><td>S 20.70</td><td>$16.11</td><td>$ 20.45</td><td>S15.95</td></tr><tr><td>Second Quarter</td><td>S 22.86</td><td>$ 18.48</td><td>$22.52</td><td>S 18.28</td></tr><tr><td>Third Quarter</td><td>$ 22.54</td><td>$ 17.88</td><td>$ 22.37</td><td>S17.76</td></tr><tr><td>Fourth Quarter</td><td>S 19.62</td><td>$ 12.50</td><td>$ 19.64</td><td>S 12.10</td></tr><tr><td>2007</td><td></td><td></td><td></td><td></td></tr><tr><td>First Quarter</td><td>$ 30.18</td><td>$ 24.73</td><td>S 29.64</td><td>$ 24.54</td></tr><tr><td>Second Quarter</td><td>8 28.84</td><td>$ 25.60</td><td>$ 28.43</td><td>$ 25.24</td></tr><tr><td>Third Quarter</td><td>$ 29.41</td><td>$ 23.08</td><td>$ 29.19</td><td>5 22.85</td></tr><tr><td>Fourth Quarter</td><td>$ 24.45</td><td>$ 17.37</td><td>$ 24.19</td><td>8 17.31</td></tr></tbody></table>",48,nested_column,,C: 0.3-0.5
fintab_002645,medium,0.8555,0.9422,27.717,"<table><thead><tr><th></th><th>Original</th><th>Principal Balance</th><th>Stated Interest Rate</th><th></th></tr><tr><th></th><th>Debt</th><th>as of</th><th>as of</th><th></th></tr></thead><tbody><tr><td>Description of Debt</td><td>Issued</td><td>December 31,2009</td><td>December 31,2009</td><td>Maturity Date</td></tr><tr><td></td><td colspan=""2""></td><td></td><td></td></tr><tr><td>Mortgages payable(1)</td><td></td><td></td><td></td><td></td></tr><tr><td>Secured fixed rate</td><td></td><td></td><td></td><td></td></tr><tr><td>Federal Plaza</td><td>36,500</td><td>S 32,536</td><td>6.750%</td><td>June 1, 2011</td></tr><tr><td>Tysons Station</td><td>7,000</td><td>5,898</td><td>7.400%</td><td>September 1, 2014</td></tr><tr><td>Courtyard Shops</td><td>Acquired</td><td>7,518</td><td>6.870%</td><td>July 1,2012</td></tr><tr><td>Bethesda Row</td><td>Acquired</td><td>19.995</td><td>5.370%</td><td>January 1, 2013</td></tr><tr><td>Bethesda Row</td><td>Acquired</td><td>4,304</td><td>5.050%</td><td>February 1, 2013</td></tr><tr><td>White Marsh Plaza(2)</td><td>Acquired</td><td>9,859</td><td>6.040%</td><td>April 1, 2013</td></tr><tr><td>Crow Canyon</td><td>Acquired</td><td>20.816</td><td>5.4009</td><td>August 11, 2013</td></tr><tr><td>Idylwood Plaza</td><td>16,910</td><td>16,792</td><td>7.500%</td><td>June 5,2014</td></tr><tr><td>Leesburg Plaza</td><td>29,423</td><td>29,219</td><td>7.500%</td><td>June 5,2014</td></tr><tr><td>Loehmann' s Plaza</td><td>38,047</td><td>37,783</td><td>7.500%</td><td>June 5,2014</td></tr><tr><td>Pentagon Row</td><td>54,619</td><td>54,240</td><td>7.500%</td><td>June 5,2014</td></tr><tr><td>Melville Mall(3)</td><td>Acquired</td><td>23,782</td><td>5.250%</td><td>September 1, 2014</td></tr><tr><td>THE AVENUE at White Marsh</td><td>Acquired</td><td>58,939</td><td>5.4609</td><td>January 1, 2015</td></tr><tr><td>Barracks Road</td><td>44,300</td><td>40,639</td><td>7.950%</td><td>November 1, 2015</td></tr><tr><td>Hauppauge</td><td>16,700</td><td>15,320</td><td>7.950%</td><td>November 1, 2015</td></tr><tr><td>Lawrence Park</td><td>31,400</td><td>28,805</td><td>7.950%</td><td>November 1, 2015</td></tr><tr><td>Wildwood</td><td>27,600</td><td>25,319</td><td>7.950%</td><td>November , 2015</td></tr><tr><td>Wynnewood</td><td>32,000</td><td>29,355</td><td>7.950%</td><td>November 1, 2015</td></tr><tr><td>Brick Plaza</td><td>33,000</td><td>30,053</td><td>7.415%</td><td>November 1, 2015</td></tr><tr><td>Rollingwood Apartments</td><td>24,050</td><td>23,880</td><td>5.540%</td><td>May 1,2019</td></tr><tr><td>Shoppers"" World</td><td>Acquired</td><td>5,733</td><td>5.910%</td><td>January 31,202[</td></tr><tr><td>Mount Vernon(4)</td><td>13,250</td><td>11,298</td><td>5.660%</td><td>April 15, 2028</td></tr><tr><td>Chelsea</td><td>Acquired</td><td>7,952</td><td>5.360%</td><td>January 15,2031</td></tr><tr><td>Subtotal</td><td></td><td>540,035</td><td></td><td></td></tr><tr><td>Net unamortized discount</td><td></td><td>(426)</td><td></td><td></td></tr><tr><td>Total mortgages payable</td><td></td><td>539,609</td><td></td><td></td></tr><tr><td>Notes payable</td><td></td><td></td><td></td><td></td></tr><tr><td>Unsecured fixed rate</td><td></td><td></td><td></td><td></td></tr><tr><td>Other</td><td>2,221</td><td>1,400</td><td>6.50%</td><td>April 1, 2012</td></tr><tr><td>Perring Plaza renovation</td><td>3,087</td><td>945</td><td>10.000%</td><td>January 31, 2013</td></tr><tr><td>Unsecured variable rate</td><td></td><td></td><td></td><td></td></tr><tr><td>Revolving credit facility(5)</td><td>300,000</td><td></td><td>LIBOR + 0.425%</td><td>July 27, 2011</td></tr><tr><td>Term loan(6)</td><td>372,000</td><td>250,000</td><td>LIBOR + 3.000%</td><td>July 27, 2011</td></tr><tr><td>Escondido (Municipal bonds)(7)</td><td>9,400</td><td>9,400</td><td>0.379%</td><td>October 1, 2016</td></tr><tr><td>Total notes payable</td><td></td><td>261,745</td><td></td><td></td></tr><tr><td>Senior notes and debentures</td><td></td><td></td><td></td><td></td></tr><tr><td>Unsecured fixed rate</td><td></td><td></td><td></td><td></td></tr><tr><td>4.50% notes</td><td>75,000</td><td>75,000</td><td>4.500%</td><td>February 15, 2011</td></tr><tr><td>6.00% notes</td><td>175,000</td><td>175,000</td><td>6.0009</td><td>July 15, 2012</td></tr><tr><td>5.40% notes</td><td>135,000</td><td>135,000</td><td>5.400%</td><td>December 1, 2013</td></tr><tr><td>5.95% notes</td><td>150,000</td><td>150,000</td><td>5.950%</td><td>August 15, 2014</td></tr><tr><td>5.65% notes</td><td>125,000</td><td>125,000</td><td>5.650%</td><td>June 1,2016</td></tr><tr><td>6.20% notes</td><td>200,000</td><td>200,000</td><td>6.200%</td><td>January 15, 2017</td></tr><tr><td>7.48% debentures</td><td>50,000</td><td>29,200</td><td>7.480%</td><td>August 15,2026</td></tr><tr><td>6.82% medium term notes</td><td>40,000</td><td>40,000</td><td>6.820%</td><td>August 1, 2027</td></tr><tr><td>Subtotal</td><td></td><td>929,200</td><td></td><td></td></tr><tr><td>Net unamortized premium</td><td></td><td>1,019</td><td></td><td></td></tr><tr><td>Total senior notes and debentures</td><td></td><td>930,219</td><td></td><td></td></tr><tr><td>Capital lease obligations</td><td></td><td></td><td></td><td></td></tr><tr><td>Various</td><td></td><td>62,275</td><td>Various</td><td>2028 through 2106</td></tr><tr><td>Total debt and capital lease obligations</td><td></td><td>S1,793,848</td><td></td><td></td></tr><tr><td colspan=""5""></td></tr></tbody></table>",220,nested_column,,E: >=0.8
fintab_001173,extreme,0.6098,0.7764,19.015,"<table><thead><tr><th></th><th></th><th colspan=""2""></th><th></th><th></th></tr></thead><tbody><tr><td></td><td>2018</td><td>2017</td><td>2016</td><td>2015</td><td>2014</td></tr><tr><td></td><td></td><td colspan=""2""></td><td></td><td></td></tr><tr><td>Consolidated Statements of Operations Data:</td><td></td><td></td><td></td><td></td><td></td></tr><tr><td>Revenue</td><td>$ 2,151,369</td><td>$ 1,646,186</td><td>$ 1,129,167</td><td>$ 837,591</td><td>584,106</td></tr><tr><td>Cost of revenue</td><td>777,992</td><td>584,417</td><td>406,051</td><td>294,031</td><td>192,015</td></tr><tr><td>Total gross profit</td><td>1,373,377</td><td>1,061,769</td><td>723,116</td><td>543,560</td><td>392,091</td></tr><tr><td>Operating expenses</td><td></td><td></td><td></td><td></td><td></td></tr><tr><td>Research and development</td><td>442,468</td><td>349,594</td><td>273,581</td><td>209,448</td><td>148,909</td></tr><tr><td>Sales and marketing</td><td>187,142</td><td>155,105</td><td>130,887</td><td>109,084</td><td>85,338</td></tr><tr><td>General and administrative</td><td>65,420</td><td>86,798</td><td>75,239</td><td>75,720</td><td>32,331</td></tr><tr><td>Legal settlement (2)</td><td>405,000</td><td></td><td></td><td></td><td></td></tr><tr><td>Total operating expenses</td><td>1,100,030</td><td>591,497</td><td>479,707</td><td>394,252</td><td>266,578</td></tr><tr><td>Income from operations</td><td>273,347</td><td>470,272</td><td>243,409</td><td>149,308</td><td>125,513</td></tr><tr><td>Other income (expense), net:</td><td></td><td></td><td></td><td></td><td></td></tr><tr><td>Interest expense</td><td>(2,701)</td><td>(2,780)</td><td>(3,136)</td><td>(3,152)</td><td>(6,280)</td></tr><tr><td>Other income (expense) , net</td><td>18,155</td><td>7,268</td><td>1,952</td><td>(147)</td><td>2,275</td></tr><tr><td>Total other income (expense), net</td><td>15,454</td><td>4,488</td><td>(1,184)</td><td>(3,299)</td><td>(4,005)</td></tr><tr><td>Income before income taxes</td><td>288,801</td><td>474,760</td><td>242,225</td><td>146,009</td><td>121,508</td></tr><tr><td>Provision for (benefit from) income</td><td></td><td></td><td></td><td></td><td></td></tr><tr><td>taxes</td><td>(39,314)</td><td>51,559</td><td>58,036</td><td>24,907</td><td>34,658</td></tr><tr><td>Net income</td><td>328,115</td><td>423,201</td><td>S 184,189</td><td>$ 121,102</td><td>S 86,850</td></tr><tr><td>Net income attributable to common</td><td></td><td></td><td></td><td></td><td></td></tr><tr><td>stockholders:</td><td></td><td></td><td></td><td></td><td></td></tr><tr><td>Basic</td><td>327,926</td><td>S 422,400</td><td>S 182,965</td><td>$ 119,115</td><td>S 68,889</td></tr><tr><td>Diluted</td><td>327,941</td><td>S 422,468</td><td>S 183,039</td><td>$ 119,264</td><td>S 70,524</td></tr><tr><td>Net income per share attributable to</td><td></td><td></td><td></td><td></td><td></td></tr><tr><td>common stockholders:</td><td></td><td></td><td></td><td></td><td></td></tr><tr><td>Basic</td><td>4.39</td><td>5.85</td><td>S 2.66</td><td>1.81</td><td>1.42</td></tr><tr><td>Diluted</td><td>4.06</td><td>S 5.35</td><td>S 2.50</td><td>$ 1.67</td><td>S 1.29</td></tr><tr><td>Weighted-average shares used in</td><td></td><td></td><td></td><td></td><td></td></tr><tr><td>computing net income per share</td><td></td><td></td><td></td><td></td><td></td></tr><tr><td>attributable to common stockholders:</td><td></td><td></td><td></td><td></td><td></td></tr><tr><td>Basic</td><td>74,750</td><td>72,258</td><td>68,771</td><td>65,964</td><td>48,427</td></tr><tr><td>Diluted</td><td>80,844</td><td>78,977</td><td>73,222</td><td>71,411</td><td>54,590</td></tr></tbody></table>",140,normal,,D: 0.5-0.8
fintab_000259,medium,0.4078,0.6505,8.524,"<table><thead><tr><th></th><th></th><th>Years ended</th><th></th></tr></thead><tbody><tr><td></td><td>September 28</td><td>September  29_</td><td>September  24,</td></tr><tr><td></td><td>2013</td><td>2012</td><td>2011</td></tr><tr><td>Net income</td><td>S 37,037</td><td>5 41,733</td><td>S 25.922</td></tr><tr><td>Other comprehensive income/(loss)=</td><td></td><td></td><td></td></tr><tr><td>Change in foreign currency translation, net of tax effects of $35, S13 and S18, respectively</td><td>112)</td><td>(15)</td><td>(12)</td></tr><tr><td>Change in unrecognized gains/losses on derivative instruments:</td><td></td><td></td><td></td></tr><tr><td>Change in fair value of derivatives_ net of tax</td><td>benefit/(expense) of $(351), S73 and S(50),</td><td></td><td></td></tr><tr><td>respectively</td><td>522</td><td>(131)</td><td>92</td></tr><tr><td>Adjustment for net losses/(gains) realized and included in net income , net of tax expensel</td><td></td><td></td><td></td></tr><tr><td>(benefit) of S255,S220 and $(250) , respectively</td><td>(458_</td><td>(399</td><td>450</td></tr><tr><td>Total change in unrecognized gains/losses on derivative instruments_</td><td>net of tax 64</td><td>530-</td><td>542</td></tr><tr><td>Change in unrealized gains/losses on marketable securities:</td><td></td><td></td><td></td></tr><tr><td>Change in fair value of marketable securities, net of tax benefit/(expense) of S458,S(421) and</td><td></td><td></td><td></td></tr><tr><td>S17, respectively</td><td>791)</td><td>715</td><td>29</td></tr><tr><td>Adjustment for net losses/(gains) realized and included in net income , net of tax expensel</td><td></td><td></td><td></td></tr><tr><td>(benefit) of $82 , S68 and S(40) , respectively</td><td>(131)</td><td>(114)</td><td>(70)</td></tr><tr><td>Total change in unrealized gains/losses on marketable securities</td><td>net of tax (922</td><td>60 1</td><td>(41)</td></tr><tr><td>Total other comprehensive income/(loss)</td><td>(970)</td><td>56</td><td>489</td></tr><tr><td>Total comprehensive income</td><td>36,067</td><td>S 41,789</td><td>S 26,411</td></tr></tbody></table>",55,normal,,C: 0.3-0.5
fintab_002247,medium,0.3971,0.7059,5.198,"<table><thead><tr><th></th><th></th><th></th><th></th><th colspan=""2"">Year Ended December 31, 2017</th></tr></thead><tbody><tr><td></td><td></td><td></td><td></td><td>Shares USS</td><td>CS</td></tr><tr><td colspan=""2""></td><td></td><td></td><td></td><td></td></tr><tr><td>Per restricted</td><td colspan=""3""></td><td></td><td>S0.3821</td></tr><tr><td>Per restricted</td><td>voting share</td><td colspan=""2"">paid in the period</td><td>$0.1739</td><td>0.2196</td></tr><tr><td colspan=""2"">Total value of distributions</td><td>paid in the</td><td>period</td><td>18</td><td>23</td></tr><tr><td>Cash distributions</td><td>paid</td><td colspan=""2"">in the period to the public</td><td>13</td><td>16</td></tr><tr><td>Share distributions</td><td>paid</td><td colspan=""2""></td><td>418,989</td><td></td></tr><tr><td>KML Series</td><td>Preferred Shares(c)</td><td></td><td></td><td></td><td></td></tr><tr><td>Per Series</td><td>Preferred Share</td><td colspan=""2"">paid</td><td>80.2624</td><td>S0.3308</td></tr><tr><td colspan=""4""></td><td>3</td><td></td></tr></tbody></table>",36,normal,,C: 0.3-0.5
fintab_002330,extreme,0.0708,0.1303,32.735,"<table><thead><tr><th></th><th></th><th></th><th>Approx:</th></tr><tr><th></th><th></th><th></th><th>Capital</th></tr><tr><th>Asset or project</th><th>Description</th><th>Activity</th><th>Scope</th></tr></thead><tbody><tr><td>TGP Susquehanna West</td><td>Expansion project that provides 145,000 Dth/d incremental</td><td>Expected in service</td><td>S156</td></tr><tr><td></td><td>natural gas transportation capacity, serving the northeast</td><td>November 2017.</td><td>million</td></tr><tr><td></td><td>Marcellus to points of liquidity. Subscribed under</td><td>long-</td><td></td></tr><tr><td></td><td>term firm transportation contracts.</td><td></td><td></td></tr><tr><td>KMLP Magnolia LNG</td><td>Upgrades to existing pipeline system to provide 700,000</td><td>Expected in-service fourth</td><td>S127</td></tr><tr><td>Liquefaction Transport</td><td>Dth/d capacity to serve Magnolia LNG in the Lake</td><td>quarter 2020</td><td>million</td></tr><tr><td></td><td>Charles; La , area.   Subscribed under long-term firm</td><td></td><td></td></tr><tr><td></td><td>agreements, subject to shipper's final investment decision.</td><td></td><td></td></tr><tr><td>KMLP Sabine Pass</td><td>Reconfiguration to flow northeast to southeast to deliver</td><td>Expected in-service fourth</td><td>S151</td></tr><tr><td>Expansion</td><td>600,000 Dth/d to the Cheniere Sabine Pass Liquefaction</td><td>quarter 2019</td><td>million</td></tr><tr><td></td><td>Terminal in Cameron Parish, LA_ Subscribed under</td><td>long-</td><td></td></tr><tr><td></td><td>term firm transportation contracts.</td><td></td><td></td></tr><tr><td>TGP Orion</td><td>An expansion project to provide an additional 135,000</td><td>Expected in service June</td><td>S141</td></tr><tr><td></td><td>Dth/d of firm capacity from the Marcellus supply basin to</td><td>2018</td><td>million</td></tr><tr><td></td><td>TGP s interconnection with Columbia Gas Transmission in</td><td></td><td></td></tr><tr><td></td><td>Pike County, Pennsylvania. Subscribed under long-term</td><td></td><td></td></tr><tr><td></td><td>firm transportation contracts_</td><td></td><td></td></tr><tr><td>TGP Lone Star</td><td>Two Greenfield compressor stations to provide supply to</td><td>Expected in-service July</td><td>S134</td></tr><tr><td></td><td>the Corpus Christi LNG liquefaction project, for a capacity</td><td>2019.</td><td>million</td></tr><tr><td></td><td>of 300,000 Dth/d. Subscribed under jong-! term firm</td><td></td><td></td></tr><tr><td></td><td>transportation contracts.</td><td></td><td></td></tr><tr><td>NGPL Gulf Coast</td><td>Expansion project, which is fully subscribed under</td><td>long- Pending regulatory</td><td>S106</td></tr><tr><td>Southbound Expansion</td><td>term contracts, is designed to transport 460,000 Dth/d of</td><td>approvals; the project is</td><td>million</td></tr><tr><td></td><td>incremental firm transportation service from NGPL s</td><td>expected in service by the</td><td></td></tr><tr><td></td><td>interstate pipeline interconnects in Illinois, Arkansas and</td><td>fourth quarter 0f 2018.</td><td></td></tr><tr><td></td><td>Texas to points south on NGPL $ pipeline system to serve</td><td></td><td></td></tr><tr><td></td><td>growing demand in the Gulf Coast area.</td><td></td><td></td></tr><tr><td>TGP Connecticut</td><td>Project will upgrade portions of TGP s existing</td><td>system in Expected in-service</td><td>S93</td></tr><tr><td>Expansion</td><td>New York, Massachusetts and Connecticut; and provide</td><td>November 2017.</td><td>million</td></tr><tr><td></td><td>72,100 Dth/d of additional firm transportation capacity for</td><td></td><td></td></tr><tr><td></td><td>three local distribution company customers.</td><td></td><td></td></tr><tr><td>TGP Triad Expansion</td><td>Expansion project that provides 180,000 Dth/d of</td><td>long- Expected in service between</td><td>S69</td></tr><tr><td></td><td>term capacity for Invenergy' s Lackawanna Energy Center</td><td>November 2017 and June</td><td>million</td></tr><tr><td></td><td>in Lackawanna County, PA_ Subscribed under</td><td>long- term 2018.</td><td></td></tr><tr><td></td><td>firm transportation contracts.</td><td></td><td></td></tr><tr><td>Terminals</td><td></td><td></td><td></td></tr><tr><td>Jones Act Tankers</td><td>Purchase of five medium-range Jones Act tankers</td><td>First tanker delivery took</td><td>S1.4</td></tr><tr><td></td><td>constructed by General Dynamics' NASSCO Shipyard in</td><td>place in December 2015.</td><td>billion</td></tr><tr><td>San</td><td>Diego. All of the tankers will be 50,000-deadweight-</td><td>Four additional tankers were</td><td></td></tr><tr><td></td><td>ton, LNG conversion-ready product carriers, with a</td><td>delivered during 2016. The</td><td></td></tr><tr><td></td><td>capacity 0f 330,000 barrels and contracted for an average</td><td>remaining four tankers are</td><td></td></tr><tr><td>of 5 years.</td><td>Also purchase of four new 50,000-deadweight-</td><td>scheduled to be delivered</td><td></td></tr><tr><td></td><td>ton Tier II tankers constructed by Philly Shipyard. Each</td><td>through the end of 2017.</td><td></td></tr><tr><td></td><td>LNG conversion-ready will have capacity 0f 337,000</td><td></td><td></td></tr><tr><td>barrels.</td><td></td><td></td><td></td></tr><tr><td>KM Export Terminal</td><td>Brownfield expansion along Houston Ship Channel will</td><td>Storage tanks placed in</td><td>S246</td></tr><tr><td></td><td>add 12 storage tanks with 1.5 million barrels of liquids</td><td>service in January 2017 with</td><td>million</td></tr><tr><td></td><td>storage capacity, one ship dock, one barge dock and cross-</td><td>the terminal' s full marine</td><td></td></tr><tr><td></td><td>channel pipelines to connect with the KM Galena Park</td><td>capabilities to follow by the</td><td></td></tr><tr><td></td><td>terminal. Supported by a long-term contract with a major</td><td>end of the first quarter 2017.</td><td></td></tr><tr><td></td><td>ship channel refiner:</td><td></td><td></td></tr><tr><td>KM Base Line Terminal</td><td>Announced a 50-50 joint venture with Keyera</td><td>Corp: to Construction continues_</td><td>CADS372</td></tr><tr><td>development</td><td>build a new 4.8 million barrels of merchant crude oil</td><td>Commissioning expected to</td><td>million</td></tr><tr><td></td><td>storage facility in Edmonton; Alberta. Subscribed under</td><td>begin in the first quarter of</td><td></td></tr><tr><td></td><td>long-term contracts with an average initial term of 7.5</td><td>2018 with tanks phased-into</td><td></td></tr><tr><td>years.</td><td></td><td>service throughout 2018.</td><td></td></tr><tr><td>Pit 11 Expansion Project</td><td>Adds 2 million barrels of refined products storage at</td><td>Commissioning is expected</td><td>S185</td></tr><tr><td></td><td>Pasadena terminal, along the Houston Ship Channel.</td><td>to begin in the third quarter</td><td>million</td></tr><tr><td></td><td>Supported by long-term commitments from existing</td><td>of 2017 with the tanks</td><td></td></tr><tr><td>customers _</td><td></td><td>phased into service through</td><td></td></tr><tr><td></td><td></td><td>the first quarter of 2018.</td><td></td></tr><tr><td>Products Pipelines</td><td></td><td></td><td></td></tr><tr><td>Utopia Pipeline</td><td>Building of new 215 mile pipeline, supported by a</td><td>long- Expected in service January</td><td>S540</td></tr><tr><td></td><td>term customer contract, to transport ethane and ethane-</td><td>2018</td><td>million</td></tr><tr><td></td><td>propane mixtures from the prolific Utica Shale, with an</td><td></td><td></td></tr><tr><td></td><td>initial design capacity of 50,000 barrels per day;</td><td></td><td></td></tr><tr><td></td><td>expandable to more than 75,000 barrels per day:</td><td></td><td></td></tr></tbody></table>",163,nested_column,,B: <0.3
fintab_002464,medium,0.6579,0.8421,4.161,"<table><thead><tr><th></th><th colspan=""2"">Year Ended December 31,</th></tr></thead><tbody><tr><td></td><td>2014</td><td>2013</td></tr><tr><td></td><td>(In thousands)</td><td></td></tr><tr><td>Cash provided by operating activities _</td><td>346,130 S</td><td>314,498</td></tr><tr><td>Cash used in investing activities</td><td>(396,150)</td><td>(345,198)</td></tr><tr><td>Cash provided by financing activities .</td><td>9,044</td><td>82,639</td></tr><tr><td>(Decrease) increase in cash and cash equivalents.</td><td>(40,976)</td><td>51,939</td></tr><tr><td>Cash and cash equivalents, beginning of year</td><td>88,927</td><td>36,988</td></tr><tr><td>Cash and cash equivalents, end of year</td><td>47.951 S</td><td>88,927</td></tr></tbody></table>",22,normal,,D: 0.5-0.8
fintab_002739,extreme,0.6918,0.9315,12.41,"<table><thead><tr><th></th><th></th><th></th><th>Change</th><th></th></tr></thead><tbody><tr><td></td><td>2017</td><td>2016</td><td>Dollars</td><td>%</td></tr><tr><td></td><td></td><td colspan=""2"">(Dollar amounts in thousands)</td><td></td></tr><tr><td>Rental income</td><td>S 841,461 S</td><td>786,583 $</td><td>54,878</td><td>7.0 %</td></tr><tr><td>Other property income</td><td>12,825</td><td>11,015</td><td>1,810</td><td>16.4 %</td></tr><tr><td>Mortgage interest income _</td><td>3,062</td><td>3,993</td><td>(931)</td><td>(23.3)%</td></tr><tr><td>Total property revenue</td><td>857,348</td><td>801_ ,591</td><td>55,757</td><td>7.0 %</td></tr><tr><td>Rental expenses_</td><td>164,890</td><td>158,326</td><td>6,564</td><td>4.1 %</td></tr><tr><td>Real estate taxes</td><td>107,839</td><td>95,286</td><td>12,553</td><td>13.2 %</td></tr><tr><td>Total property expenses.</td><td>272,729</td><td>253,612</td><td>19,117</td><td>7.5 %</td></tr><tr><td>Property operating income</td><td>584,619</td><td>547,979</td><td>36,640</td><td>6.7 %</td></tr><tr><td>General and administrative expenses</td><td>(36,281)</td><td>(33,399)</td><td>(2,882)</td><td>8.6 %</td></tr><tr><td>Depreciation and amortization</td><td>(216,050)</td><td>(193,585)</td><td>(22,465)</td><td>11.6 %</td></tr><tr><td>Operating income</td><td>332,288</td><td>320,995</td><td>11,293</td><td>3.5 %</td></tr><tr><td>Other interest income</td><td>475</td><td>374</td><td>101</td><td>27.0 %</td></tr><tr><td>Interest expense_</td><td>(100,125)</td><td>(94,994)</td><td>(5,131)</td><td>5.4 %</td></tr><tr><td>Early extinguishment of debt</td><td>(12,273)</td><td></td><td>(12,273)</td><td>100.0 %</td></tr><tr><td>Income from real estate partnerships</td><td>(417)</td><td>50</td><td>(467)</td><td>(934.0)%</td></tr><tr><td>Total other; net:</td><td>(112,340)</td><td>(94,570)</td><td>(17,770)</td><td>18.8 %</td></tr><tr><td>Income from continuing operations</td><td>219, ,948</td><td>226,425</td><td>(6,477)</td><td>(2.9)%</td></tr><tr><td>Gain on sale of real estate and change in control of interests, net</td><td>77,922</td><td>32,458</td><td>45,464</td><td>140.1 %</td></tr><tr><td>Net income</td><td>297,870</td><td>258,883</td><td>38,987</td><td>15.1 %</td></tr><tr><td>Net income attributable to noncontrolling interests</td><td>(7,956)</td><td>(8,973)</td><td>1,017</td><td>(11.3)%</td></tr><tr><td>Net income attributable to the Trust _</td><td>S 289,914 S</td><td>249,910 S</td><td>40,004</td><td>16.0 %</td></tr></tbody></table>",110,normal,,D: 0.5-0.8
fintab_001897,medium,0.7759,0.8621,5.018,"<table><thead><tr><th></th><th></th><th>Years Ended December 31_</th><th></th></tr></thead><tbody><tr><td>(dollars in millions)</td><td>2015</td><td>2014</td><td>2013</td></tr><tr><td>Net sales</td><td>S 12,988.7 S</td><td>12,074.5 S</td><td>10,768.6</td></tr><tr><td>Gross profit</td><td>2,115.8</td><td>1,921.3</td><td>1,760.3</td></tr><tr><td>Income from operations</td><td>742.0</td><td>673.0</td><td>508.6</td></tr><tr><td>Net income</td><td>403.1</td><td>244.9</td><td>132.8</td></tr><tr><td>Non-GAAP net income</td><td>503.5</td><td>409.9</td><td>314.3</td></tr><tr><td>Adjusted EBITDA</td><td>1,018.5</td><td>907.0</td><td>808.5</td></tr><tr><td>Average daily sales</td><td>51.1</td><td>47.</td><td>42.4</td></tr><tr><td>Net debt (defined as total debt minus cash and cash equivalents)</td><td>3,222.1</td><td>2,821.5</td><td>3,037.9</td></tr><tr><td>Cash conversion cycle (in days) (2)</td><td>21</td><td>21</td><td>23</td></tr></tbody></table>",41,normal,,D: 0.5-0.8
fintab_002458,medium,0.5814,0.7674,3.938,"<table><thead><tr><th></th><th>Year Ended</th><th></th></tr></thead><tbody><tr><td></td><td>December 31,</td><td></td></tr><tr><td></td><td>2014</td><td>2013</td></tr><tr><td></td><td>(In thousands)</td><td></td></tr><tr><td>Beginning balance.</td><td>104,425 S</td><td>94,420</td></tr><tr><td>Net income</td><td>3,452</td><td>2,887</td></tr><tr><td>Distributions & Redemptions.</td><td>(3,714)</td><td>(3,822)</td></tr><tr><td>Contributions</td><td>5,858</td><td>1,083</td></tr><tr><td>Adjustment to redeemable noncontrolling interests.</td><td>9,032</td><td>9,857</td></tr><tr><td>Ending balance_</td><td>119,053 S</td><td>104,425</td></tr></tbody></table>",23,normal,,D: 0.5-0.8
